scheme_code,isin_payout_growth,isin_reinvestment,scheme_name,plan,option_type,nav,nav_date
135765,INF846K01WP8,-,Axis Children's Fund,Direct Plan,IDCW Option,27.0246,2026-10-06
135760,INF846K01WK9,-,Axis Children's Fund,Regular Plan,IDCW Option,23.5581,2026-10-06
129006,INF090I01KO5,-,Franklin India Banking & PSU Debt Fund,Regular Plan,Growth,24.1763,2026-10-06
129009,INF090I01KS6,INF090I01KT4,Franklin India Banking & PSU Debt Fund,Direct Plan,IDCW,11.4718,2026-10-06
129007,INF090I01KP2,INF090I01KQ0,Franklin India Banking & PSU Debt Fund,Regular Plan,IDCW,10.8541,2026-10-06
128627,INF179KA1JD2,INF179KA1JE0,HDFC Banking and PSU Debt Fund,Regular Plan,IDCW Option,10.0982,2026-10-06
123691,INF174K01FQ8,INF174K01FP0,Kotak Banking and PSU Debt Fund,Regular Plan,Payout of Income Distribution cum capital withdrawal option- Direct,13.0735,2026-10-06
123693,INF174K01KH7,-,Kotak Banking and PSU Debt Fund,Direct Plan,Growth,72.8243,2026-10-06
123692,INF174K01KK1,INF174K01KL9,Kotak Banking and PSU Debt Fund,Direct Plan,Monthly Payout of Income Distribution cum capital withdrawal option,10.2293,2026-10-06
124833,INF209KA1KS2,-,Aditya Birla Sun Life Corporate Bond Fund,Regular Plan,IDCW Payout,11.2154,2026-10-06
139201,INF194KA1T34,INF194KA1T42,BANDHAN Corporate Bond Fund,Direct Plan,Annual IDCW,10.5806,2026-10-06
139199,INF194KA1S76,INF194KA1S84,BANDHAN Corporate Bond Fund,Direct Plan,Quarterly IDCW,10.6935,2026-10-06
139204,INF194KA1S19,INF194KA1S27,BANDHAN Corporate Bond Fund,Regular Plan,Annual IDCW,10.5545,2026-10-06
144648,INF740KA1KJ7,INF740KA1KK5,DSP Corporate Bond Fund,Direct Plan,Quarterly IDCW,11.4184,2026-10-06
144645,INF740KA1KA6,INF740KA1KB4,DSP Corporate Bond Fund,Regular Plan,Monthly IDCW,10.6082,2026-10-06
118987,INF179K01XD8,-,HDFC Corporate Bond Fund,Direct Plan,Growth Option,35.1552,2026-10-06
132848,INF179KA1D33,INF179KA1D25,HDFC Corporate Bond Fund,Regular Plan,IDCW Option,20.7608,2026-10-06
118986,INF179K01XB2,INF179K01XC0,HDFC Corporate Bond Fund,Direct Plan,Quarterly IDCW Option,10.4037,2026-10-06
111982,INF109K01CL2,-,ICICI Prudential Corporate Bond Fund,,,10.0277,2020-04-24
111979,INF109K01QM0,INF109K01CI8,ICICI Prudential Corporate Bond Fund,,,10.3008,2020-04-24
109472,-,INF204K01EG7,Nippon India Corporate Bond Fund,Regular Plan,DAILY IDCW Option,17.0615,2026-10-06
100857,INF204K01EJ1,INF204K01EK9,Nippon India Corporate Bond Fund,Regular Plan,MONTHLY IDCW Option,11.6373,2026-10-06
146207,INF200KA1YM5,-,SBI Corporate Bond Fund,Regular Plan,Growth,16.4454,2026-10-06
146210,INF200KA1YP8,INF200KA1YQ6,SBI Corporate Bond Fund,Regular Plan,IDCW,15.9785,2026-10-06
149364,INF277KA1240,-,Tata Corporate Bond Fund,Direct Plan,IDCW Monthly Payout Option,13.4435,2026-10-06
149355,INF277KA1232,-,Tata Corporate Bond Fund,Direct Plan,IDCW Periodic Payout Option,13.4435,2026-10-06
149356,-,INF277KA1265,Tata Corporate Bond Fund,Direct Plan,IDCW Periodic Reinvestment Option,13.4435,2026-10-06
149351,INF277KA1299,-,Tata Corporate Bond Fund,Regular Plan,Growth Option,13.0801,2026-10-06
151321,INF0GCD01586,INF0GCD01578,TRUSTMF CORPORATE BOND FUND,Direct Plan,Monthly IDCW,1186.4777,2026-10-06
151319,INF0GCD01552,INF0GCD01545,TRUSTMF CORPORATE BOND FUND,Regular Plan,Monthly IDCW,1165.8332,2026-10-06
148076,INF789F1APK4,INF789F1APL2,UTI - Bond Fund ( Segregated - 17022020 ),,,1.504,2022-01-27
148092,INF789F1APG2,INF789F1APH0,UTI - Bond Fund ( Segregated - 17022020 ),,,2.3467,2022-01-27
148088,INF789F1APD9,INF789F1APE7,UTI - Bond Fund ( Segregated - 17022020 ),,,1.4408,2022-01-27
134388,INF209KA1L12,-,Aditya Birla Sun Life Credit Risk Fund,Direct Plan,Bonus,28.2035,2026-10-06
140611,INF194KA1V71,INF194KA1V89,BANDHAN CREDIT RISK FUND,Regular Plan,Half Yearly IDCW,10.1404,2026-10-06
140604,INF194KA1W70,INF194KA1W88,BANDHAN CREDIT RISK FUND,Direct Plan,Quarterly IDCW,10.7925,2026-10-06
133868,INF761K01DG8,-,BANK OF INDIA CREDIT RISK FUND,Direct Plan,Growth,14.9364,2026-10-06
119084,INF740K01OV8,INF740K01OW6,DSP Credit Risk Fund,Direct Plan,Monthly IDCW,11.2066,2026-10-06
117062,INF740K01JY2,INF740K01JX4,DSP Credit Risk Fund,Regular Plan,Quarterly IDCW,11.4772,2026-10-06
148304,INF090I01VZ8,-,Franklin India Credit Risk Fund (No. of segregated portfolios-3),Direct Plan,Growth,0,2026-10-06
148303,INF090I01VX3,-,Franklin India Credit Risk Fund (No. of segregated portfolios-3),Regular Plan,Growth,0,2026-10-06
147956,INF090I01TK4,-,Franklin India Credit Risk Fund (No. of segregated portfolios-3),Direct Plan,,0,2020-07-20
147955,INF090I01TL2,-,Franklin India Credit Risk Fund (No. of segregated portfolios-3),Direct Plan,,0,2020-07-20
147957,INF090I01TI8,-,Franklin India Credit Risk Fund (No. of segregated portfolios-3),,,0,2020-07-20
147954,INF090I01TJ6,-,Franklin India Credit Risk Fund (No. of segregated portfolios-3),,,0,2020-07-20
147959,INF090I01TM0,-,Franklin India Credit Risk Fund (No. of segregated portfolios-3),,,0,2023-09-11
147958,INF090I01TP3,-,Franklin India Credit Risk Fund (No. of segregated portfolios-3),Direct Plan,,0,2023-09-11
147961,INF090I01TN8,-,Franklin India Credit Risk Fund (No. of segregated portfolios-3),,,0,2023-09-11
148305,INF090I01VW5,-,Franklin India Credit Risk Fund (No. of segregated portfolios-3),Regular Plan,IDCW,0,2026-10-06
147960,INF090I01TO6,-,Franklin India Credit Risk Fund (No. of segregated portfolios-3),Direct Plan,,0,2023-09-11
148306,INF090I01VY1,-,Franklin India Credit Risk Fund (No. of segregated portfolios-3),Direct Plan,IDCW,0,2026-10-06
130943,INF109KA1I27,-,ICICI Prudential Credit Risk Fund,,,15.7498,2020-04-24
148262,INF204KB17P0,INF204KB18P8,Nippon India Credit Risk Fund (Existing Number of Segregated Portfolios - 1),Direct Plan,IDCW Option,0,2026-10-06
148264,INF204KB15P4,INF204KB16P2,Nippon India Credit Risk Fund (Existing Number of Segregated Portfolios - 1),Direct Plan,QUARTERLY IDCW Option,0,2026-10-06
148263,INF204KB13Q7,INF204KB14Q5,Nippon India Credit Risk Fund (Existing Number of Segregated Portfolios - 1),Regular Plan,IDCW Option,0,2026-10-06
148260,INF204KB11Q1,INF204KB12Q9,Nippon India Credit Risk Fund (Existing Number of Segregated Portfolios - 1),Regular Plan,QUARTERLY IDCW Option,0,2026-10-06
148261,INF204KB14P7,-,Nippon India Credit Risk Fund (Existing Number of Segregated Portfolios - 1),Direct Plan,Growth Option,0,2026-10-06
148258,INF204KB19P6,-,Nippon India Credit Risk Fund (Existing Number of Segregated Portfolios - 1),Regular Plan,Growth Option,0,2026-10-06
148259,INF204KB10Q3,-,Nippon India Credit Risk Fund (Existing Number of Segregated Portfolios - 1),Regular Plan,Institutional Plan-Growth Option,0,2026-10-06
119793,INF200K01ST8,INF200K01SU6,SBI CREDIT RISK FUND,Direct Plan,IDCW,25.2392,2026-10-06
118211,-,INF200K01QK1,SBI CREDIT RISK FUND,Regular Plan,IDCW,16.4872,2026-10-06
148239,INF789F1ARG8,INF789F1ARH6,UTI - Credit Risk Fund (Segregated - 06032020),,,0,2026-10-06
148241,INF789F1ARK0,INF789F1ARL8,UTI - Credit Risk Fund (Segregated - 06032020),,,0,2026-10-06
148242,INF789F1ARF0,-,UTI - Credit Risk Fund (Segregated - 06032020),,,0,2026-10-06
148238,INF789F1ARI4,INF789F1ARJ2,UTI - Credit Risk Fund (Segregated - 06032020),,,0,2026-10-06
148240,INF789F1ARM6,INF789F1ARN4,UTI - Credit Risk Fund (Segregated - 06032020),,,0,2026-10-06
148245,INF789F1ARD5,INF789F1ARE3,UTI - Credit Risk Fund (Segregated - 06032020),,,0,2026-10-06
148234,INF789F1ARR5,INF789F1ARS3,UTI - Credit Risk Fund (Segregated - 06032020),,,0,2026-10-06
148236,INF789F1ARV7,INF789F1ARW5,UTI - Credit Risk Fund (Segregated - 06032020),,,0,2026-10-06
148237,INF789F1ARQ7,-,UTI - Credit Risk Fund (Segregated - 06032020),,,0,2026-10-06
148235,INF789F1ART1,INF789F1ARU9,UTI - Credit Risk Fund (Segregated - 06032020),,,0,2026-10-06
148244,INF789F1ARX3,INF789F1ARY1,UTI - Credit Risk Fund (Segregated - 06032020),,,0,2026-10-06
148243,INF789F1ARO2,INF789F1ARP9,UTI - Credit Risk Fund (Segregated - 06032020),,,0,2026-10-06
148432,-,-,UTI - Credit Risk Fund (Segregated - 07072020),,,0,2020-07-14
148427,-,-,UTI - Credit Risk Fund (Segregated - 07072020),,,0,2020-07-14
148429,-,-,UTI - Credit Risk Fund (Segregated - 07072020),,,0,2020-07-14
148430,-,-,UTI - Credit Risk Fund (Segregated - 07072020),,,0,2020-07-14
148431,-,-,UTI - Credit Risk Fund (Segregated - 07072020),,,0,2020-07-14
148428,-,-,UTI - Credit Risk Fund (Segregated - 07072020),,,0,2020-07-14
148420,-,-,UTI - Credit Risk Fund (Segregated - 07072020),,,0,2020-07-14
148426,-,-,UTI - Credit Risk Fund (Segregated - 07072020),,,0,2020-07-14
148425,-,-,UTI - Credit Risk Fund (Segregated - 07072020),,,0,2020-07-14
148424,-,-,UTI - Credit Risk Fund (Segregated - 07072020),,,0,2020-07-14
148423,-,-,UTI - Credit Risk Fund (Segregated - 07072020),,,0,2020-07-14
148422,-,-,UTI - Credit Risk Fund (Segregated - 07072020),,,0,2020-07-14
147659,INF789F1AML9,INF789F1AMM7,UTi - Credit Risk Fund (Segregated - 13092019),,,0,2022-03-10
147656,INF789F1AMP0,INF789F1AMQ8,UTi - Credit Risk Fund (Segregated - 13092019),,,0,2022-03-10
147651,INF789F1AMK1,-,UTi - Credit Risk Fund (Segregated - 13092019),,,0,2022-03-10
147660,INF789F1AMN5,INF789F1AMO3,UTi - Credit Risk Fund (Segregated - 13092019),,,0,2022-03-10
147653,INF789F1AMR6,INF789F1AMS4,UTi - Credit Risk Fund (Segregated - 13092019),,,0,2022-03-10
147655,INF789F1AMI5,INF789F1AMJ3,UTi - Credit Risk Fund (Segregated - 13092019),,,0,2022-03-10
147657,INF789F1AMW6,INF789F1AMX4,UTi - Credit Risk Fund (Segregated - 13092019),,,0,2022-03-10
147654,INF789F1ANA0,INF789F1ANB8,UTi - Credit Risk Fund (Segregated - 13092019),,,0,2022-03-10
147650,INF789F1AMV8,-,UTi - Credit Risk Fund (Segregated - 13092019),,,0,2022-03-10
147658,INF789F1AMY2,INF789F1AMZ9,UTi - Credit Risk Fund (Segregated - 13092019),,,0,2022-03-10
147652,INF789F1ANC6,INF789F1AND4,UTi - Credit Risk Fund (Segregated - 13092019),,,0,2022-03-10
147649,INF789F1AMT2,INF789F1AMU0,UTi - Credit Risk Fund (Segregated - 13092019),,,0,2022-03-10
148151,INF789F1ANL7,INF789F1ANM5,UTI - Credit Risk Fund (Segregated - 17022019),,,1.7035,2022-01-31
148308,INF090I01WD3,-,Franklin India Dynamic Accrual Fund (No. of segregated portfolios- 3),Direct Plan,Growth,0,2026-10-06
148307,INF090I01WB7,-,Franklin India Dynamic Accrual Fund (No. of segregated portfolios- 3),Regular Plan,Growth,0,2026-10-06
147982,INF090I01TS7,-,Franklin India Dynamic Accrual Fund (No. of segregated portfolios- 3),Direct Plan,,0,2020-07-20
147984,INF090I01TT5,-,Franklin India Dynamic Accrual Fund (No. of segregated portfolios- 3),Direct Plan,,0,2020-07-20
147983,INF090I01TQ1,-,Franklin India Dynamic Accrual Fund (No. of segregated portfolios- 3),,,0,2020-07-20
147981,INF090I01TR9,-,Franklin India Dynamic Accrual Fund (No. of segregated portfolios- 3),,,0,2020-07-20
147985,INF090I01TU3,-,Franklin India Dynamic Accrual Fund (No. of segregated portfolios- 3),,,0,2023-09-11
147988,INF090I01TX7,-,Franklin India Dynamic Accrual Fund (No. of segregated portfolios- 3),Direct Plan,,0,2023-09-11
147987,INF090I01TV1,-,Franklin India Dynamic Accrual Fund (No. of segregated portfolios- 3),,,0,2023-09-11
148309,INF090I01WA9,-,Franklin India Dynamic Accrual Fund (No. of segregated portfolios- 3),Regular Plan,IDCW,0,2026-10-06
147986,INF090I01TW9,-,Franklin India Dynamic Accrual Fund (No. of segregated portfolios- 3),Direct Plan,,0,2023-09-11
148310,INF090I01WC5,-,Franklin India Dynamic Accrual Fund (No. of segregated portfolios- 3),Direct Plan,IDCW,0,2026-10-06
101909,INF277K01360,-,Tata Dynamic Bond Fund,Regular Plan,Growth Option,34.9217,2022-09-23
148124,INF789F1AQE5,INF789F1AQF2,UTI - Dynamic Bond Fund ( Segregated - 17022020),,,0.7329,2022-01-27
148122,INF789F1APT5,INF789F1APU3,UTI - Dynamic Bond Fund ( Segregated - 17022020),,,0.6989,2022-01-27
108557,INF194K01EH8,INF194K01EG0,Bandhan Gilt    Fund,Regular Plan,Quarterly IDCW,11.9754,2026-10-06
118465,INF194K01Q45,INF194K01Q37,Bandhan Gilt   Fund,Direct Plan,Half Yearly IDCW,12.1284,2026-10-06
108559,INF194K01EE5,INF194K01ED7,Bandhan Gilt  Fund,Regular Plan,Annual IDCW,11.5808,2026-10-06
100086,INF740K01623,INF740K01AE3,DSP Gilt Fund,Regular Plan,Monthly IDCW,10.7409,2026-10-06
119115,INF179K01VR2,INF179K01VT8,HDFC Gilt Fund,Direct Plan,IDCW Option,12.8972,2026-10-06
101084,INF179K01772,INF179K01764,HDFC Gilt Fund,Regular Plan,Growth Option,12.0696,2026-10-06
100371,INF109K01JX2,-,ICICI Prudential Gilt Fund,,,43.635,2018-05-25
119759,INF174K01KE4,-,Kotak Gilt Fund,Direct Plan,Growth,110.9396,2026-10-06
119758,INF174K01KF1,-,Kotak Gilt Fund,Direct Plan,Payout of Income Distribution cum capital withdrawal option - Direct,24.4124,2026-10-06
109717,INF204K01BX8,-,Nippon India Gilt Fund,Regular Plan,Institutional Plan-Growth Option,39.6043,2026-10-06
138474,INF223J01NB1,-,PGIM India Gilt Fund,Direct Plan,Direct IDCW,13.604,2026-10-06
151229,INF966L01BG5,INF966L01BH3,quant Gilt Fund,Direct Plan,IDCW Option,12.4577,2026-10-06
101950,INF200K01AC2,INF200K01AD0,SBI GILT FUND,Regular Plan,IDCW,21.0882,2026-10-06
101001,INF200K01982,-,SBI GILT FUND,Regular Plan,Growth,68.2613,2026-10-06
151835,-,INF0QA701029,Bajaj Finserv Liquid Fund,Direct Plan,Daily - IDCW,1034.6939,2026-10-06
151839,-,INF0QA701136,Bajaj Finserv Liquid Fund,Regular Plan,Daily - IDCW,1033.8241,2026-10-06
151840,INF0QA701144,INF0QA701102,Bajaj Finserv Liquid Fund,Regular Plan,Weekly - IDCW,1033.9865,2026-10-06
108694,INF194K01VP5,INF194K01VO8,BANDHAN LIQUID Fund,,,0,2008-10-02
108690,INF194K01VX9,-,BANDHAN LIQUID Fund,Regular Plan,Growth,3403.9785,2026-10-06
115489,INF194K01WC1,INF194K01WB3,BANDHAN LIQUID Fund,Regular Plan,Periodic IDCW,1469.6316,2026-10-06
141890,-,-,BANK OF INDIA LIQUID FUND,,,1226.8682,2021-11-30
154010,INF226401042,-,Capitalmind Liquid Fund,Regular Plan,Growth,1055.5674,2026-10-06
140192,INF754K01GX1,INF754K01GT9,Edelweiss Liquid Fund,Direct Plan,Annual IDCW,3535.8168,2026-10-06
140199,INF754K01GV5,INF754K01GR3,Edelweiss Liquid Fund,Direct Plan,Fortnightly IDCW,2477.0786,2026-10-06
140195,INF754K01GU7,INF754K01GQ5,Edelweiss Liquid Fund,Direct Plan,Weekly IDCW,2173.0516,2026-10-06
140189,INF754K01HR1,-,Edelweiss Liquid Fund,,,2102.8901,2026-10-06
140190,INF754K01GK8,INF754K01GL6,Edelweiss Liquid Fund,Regular Plan,IDCW,3457.9958,2026-10-06
140181,-,INF754K01HA7,Edelweiss Liquid Fund,Regular Plan,IDCW,1336.6288,2026-10-06
140185,INF754K01HJ8,INF754K01HB5,Edelweiss Liquid Fund,Regular Plan,Weekly IDCW,1215.2023,2026-10-06
140177,-,INF754K01HF6,Edelweiss Liquid Fund,,,1176.5482,2026-10-06
118577,INF090I01JV2,-,Franklin India Liquid Fund,Direct Plan,Super Institutional Growth,4288.5929,2026-10-06
139892,INF090I01LR6,-,Franklin India Liquid Fund,Regular Plan,Unclaimed IDCW Investor Education Plan - Growth,10,2026-10-06
102441,INF090I01BD7,-,Franklin India Liquid Fund- Institution,Regular Plan,Institutional Growth,0,2020-07-08
100876,INF179KB1HM6,INF179KB1HL8,HDFC Liquid Fund,Regular Plan,IDCW Monthly,1027.9136,2026-10-06
119090,INF179KB1HO2,INF179KB1HQ7,HDFC Liquid Fund,Direct Plan,IDCW Monthly,1027.935,2026-10-06
119088,-,-,HDFC Liquid Fund,Direct Plan,IDCW Weekly,1031.1808,2026-10-06
100881,INF179K01KS3,-,HDFC Liquid Fund,,,10,2012-05-14
100357,INF109K01UU5,INF109K01UT7,ICICI Prudential Liquid Fund,,,101.4288,2022-09-16
103343,INF109K01VP3,-,ICICI Prudential Liquid Fund -,Regular Plan,Daily IDCW,100.1482,2026-10-06
120187,INF109K01Q56,INF109K01Q64,ICICI Prudential Liquid Fund -,,,106.7325,2022-09-16
120196,INF109K01Q72,INF109K01Q80,ICICI Prudential Liquid Fund -,,,102.2043,2022-09-16
120190,INF109K01Q98,-,ICICI Prudential Liquid Fund -,Direct Plan,Weekly IDCW,100.1984,2026-10-06
103342,INF109K01VS7,-,ICICI Prudential Liquid Fund -,Regular Plan,Weekly IDCW,100.1729,2026-10-06
112119,INF109K01VD9,INF109K01VC1,ICICI Prudential Liquid Fund -,,,103.8506,2022-09-16
101751,INF109K01VF4,-,ICICI Prudential Liquid Fund-,,,462.33,2020-04-24
147158,-,INF00XX01291,ITI Liquid Fund,Direct Plan,Daily IDCW Option,1001.0092,2026-10-06
147159,-,INF00XX01309,ITI Liquid Fund,Direct Plan,Weekly IDCW Option,1000.9998,2026-10-06
147442,-,-,Motilal Oswal Liquid Fund,,,10,2026-10-06
147443,-,-,Motilal Oswal Liquid Fund,,,10,2026-10-06
146229,-,INF247L01809,Motilal Oswal Liquid Fund,,,10.0072,2026-10-06
146227,-,INF247L01817,Motilal Oswal Liquid Fund,,,10.0055,2026-10-06
146230,-,INF247L01825,Motilal Oswal Liquid Fund,,,10.0227,2026-10-06
146224,-,INF247L01874,Motilal Oswal Liquid Fund,,,10.0143,2026-10-06
119163,-,INF959L01GK1,Navi Liquid Fund,Direct Plan,Daily IDCW - ReInvestment,10.0129,2026-10-06
119161,INF959L01GG9,INF959L01GH7,Navi Liquid Fund,Direct Plan,Monthly IDCW - Payout,10.0315,2026-10-06
112645,-,INF959L01GM7,Navi Liquid Fund,Regular Plan,Daily IDCW,10.0129,2026-10-06
112647,INF959L01GN5,INF959L01GO3,Navi Liquid Fund,Regular Plan,Monthly IDCW,10.0313,2026-10-06
140437,INF959L01CO2,-,Navi Liquid Fund,Direct Plan,Unclaimed Redemption and Dividend Plan less than 3 years,10,2026-10-06
139386,INF959L01CN4,-,Navi Liquid Fund,Regular Plan,Unclaimed Redemption and Dividend Plan less than 3 years,30.6394,2026-10-06
118695,-,INF204K01ZG2,Nippon India Liquid Fund,Direct Plan,DAILY IDCW OPTION,1528.74,2026-10-06
100855,INF204K01UO7,INF204K01UP4,Nippon India Liquid Fund,Regular Plan,MONTHLY IDCW OPTION,1587.0014,2026-10-06
112340,INF204K01UQ2,INF204K01UR0,Nippon India Liquid Fund,Regular Plan,QUARTERLY IDCW OPTION,1006.6948,2026-10-06
100838,-,INF204K01UK5,Nippon India Liquid Fund,Regular Plan,RETAIL Plan - WEEKLY IDCW OPTION,1035.401,2026-10-06
100853,INF204KC1FM8,INF204K01US8,Nippon India Liquid Fund,Regular Plan,WEEKLY IDCW OPTION,1532.1438,2026-10-06
100845,-,-,Nippon India Liquid Fund,Regular Plan,Growth Option,2714.7678,2018-05-20
114251,-,-,Nippon India Liquid Fund,Regular Plan,Monthly Dividend Option,1004.4865,2018-05-20
114252,-,-,Nippon India Liquid Fund,Regular Plan,Quarterly Dividend Option,1013.831,2018-05-20
138303,INF223J01VE8,-,PGIM India Liquid Fund,,,132.9596,2016-08-01
138285,-,INF223J01BO9,PGIM India Liquid Fund,Regular Plan,Regular IDCW,100.304,2026-10-06
138288,INF223J01BP6,-,PGIM India Liquid Fund,Regular Plan,Regular Growth,367.2729,2026-10-06
143266,-,INF879O01142,Parag Parikh Liquid Fund,Regular Plan,Weekly Reinvestment of IDCW,1001.1508,2026-10-06
120837,INF966L01820,-,Quant Liquid Fund,Direct Plan,Growth Option,45.6509,2026-10-06
103228,INF966L01291,INF966L01309,Quant Liquid Fund,Regular Plan,Monthly IDCW Option,15.1618,2026-10-06
148513,-,-,Quant Liquid Fund,Direct Plan,Unclaimed Dividend Investor Education Plan-Growth Option,10,2025-12-15
148510,-,-,Quant Liquid Fund,Direct Plan,Unclaimed Dividend-Growth Option,13.5232,2025-12-15
148511,-,-,Quant Liquid Fund,Direct Plan,Unclaimed Redemption Investor Education Plan,10,2025-12-15
103734,INF082J01127,-,Quantum Liquid Fund,Direct Plan,Growth Option,37.8727,2026-10-06
141065,-,INF082J01317,Quantum Liquid Fund,Regular Plan,Daily IDCW,10.0002,2026-10-06
152299,-,-,Quantum Liquid Fund,,,10,2026-10-06
119805,-,INF200K01UQ0,SBI LIQUID FUND,Direct Plan,IDCW,1144.0484,2026-10-06
119799,INF200K01UU2,INF200K01UV0,SBI LIQUID FUND,Direct Plan,IDCW,1386.6591,2026-10-06
105275,-,INF200K01LR7,SBI LIQUID FUND,Regular Plan,IDCW,1429.2815,2026-10-06
149744,-,INF903JA1JK3,Sundaram Liquid Fund (Formerly Known as Principal Cash Management Fund),Direct Plan,IDCW (Income Distribution CUM Capital Withdrawal),1152.6698,2025-06-27
149742,-,INF903JA1JI7,Sundaram Liquid Fund (Formerly Known as Principal Cash Management Fund),Regular Plan,Bonus,1274.1205,2025-06-27
149662,INF173K01GV8,INF173K01GW6,Sundaram Liquid Fund (Formerly Known as Principal Cash Management Fund),Direct Plan,IDCW (Income Distribution CUM Capital Withdrawal),1055.248,2026-10-06
149738,-,INF903JA1JJ5,Sundaram Liquid Fund (Formerly Known as Principal Cash Management Fund),Direct Plan,IDCW (Income Distribution CUM Capital Withdrawal),1028.192,2024-09-13
149745,-,-,Sundaram Liquid Fund (Formerly Known as Principal Cash Management Fund),,,1000,2022-01-21
149659,-,INF173K01DC5,Sundaram Liquid Fund (Formerly Known as Principal Cash Management Fund),Regular Plan,IDCW (Income Distribution CUM Capital Withdrawal),1007.8472,2024-09-13
149665,-,INF173K01GY2,Sundaram Liquid Fund (Formerly Known as Principal Cash Management Fund),Direct Plan,IDCW (Income Distribution CUM Capital Withdrawal),1008.3385,2024-09-13
153689,-,INF277KA1EE2,Tata Liquid Fund,Direct Plan,Weekly IDCW Reinvestment Option,1070.4311,2026-10-06
153888,INF2F0001149,-,The Wealth Company Liquid Fund,Regular Plan,Growth,1063.3206,2026-10-06
153890,INF2F0001164,INF2F0001156,The Wealth Company Liquid Fund,Regular Plan,Monthly IDCW,1003.9208,2026-10-06
148842,-,INF0GCD01263,TRUSTMF Liquid Fund,Direct Plan,Daily Income Distribution cum Capital Withdrawal,1299.8663,2026-10-06
148839,INF0GCD01305,INF0GCD01297,TRUSTMF Liquid Fund,Direct Plan,Monthly Income Distribution cum Capital Withdrawal,1227.3518,2026-10-06
148837,INF0GCD01271,INF0GCD01289,TRUSTMF Liquid Fund,Direct Plan,Weekly Income Distribution cum Capital Withdrawal,1254.6743,2026-10-06
142345,-,-,Union Liquid Fund,,Unclaimed Amounts Plan - IDCW Beyond 3 years,1000,2021-11-30
142344,-,-,Union Liquid Fund,,Unclaimed Amounts Plan - IDCW Upto 3 years,1167.6169,2021-11-30
142343,-,-,Union Liquid Fund,,Unclaimed Amounts Plan - Redemption Beyond 3 years,1000,2021-11-30
142342,-,-,Union Liquid Fund,,Unclaimed Amounts Plan - Redemption Upto 3 years,1167.329,2021-11-30
113135,INF090I01BU1,-,Franklin India Low Duration Fund (No. of Segregated Portfolios-2),,,32.6071,2022-08-07
147993,INF090I01UC9,-,Franklin India Low Duration Fund (No. of Segregated Portfolios-2),Direct Plan,,0,2020-07-20
147989,INF090I01UD7,-,Franklin India Low Duration Fund (No. of Segregated Portfolios-2),Direct Plan,,0,2020-07-20
147991,INF090I01UB1,-,Franklin India Low Duration Fund (No. of Segregated Portfolios-2),Direct Plan,,0,2020-07-20
147994,INF090I01UA3,-,Franklin India Low Duration Fund (No. of Segregated Portfolios-2),,,0,2020-07-20
147990,INF090I01TY5,-,Franklin India Low Duration Fund (No. of Segregated Portfolios-2),,,0,2020-07-20
147992,INF090I01TZ2,-,Franklin India Low Duration Fund (No. of Segregated Portfolios-2),,,0,2020-07-20
147995,INF090I01UE5,-,Franklin India Low Duration Fund (No. of Segregated Portfolios-2),Regular Plan,,0,2023-09-11
147997,INF090I01UF2,-,Franklin India Low Duration Fund (No. of Segregated Portfolios-2),Regular Plan,,0,2023-09-11
147999,INF090I01UJ4,-,Franklin India Low Duration Fund (No. of Segregated Portfolios-2),,,0,2023-09-11
148000,INF090I01UG0,-,Franklin India Low Duration Fund (No. of Segregated Portfolios-2),,,0,2023-09-11
147996,INF090I01UH8,-,Franklin India Low Duration Fund (No. of Segregated Portfolios-2),Direct Plan,,0,2023-09-11
147998,INF090I01UI6,-,Franklin India Low Duration Fund (No. of Segregated Portfolios-2),Direct Plan,,0,2023-09-11
147965,INF090I01TC1,-,Franklin India Income Opportunities Fund (no. of segregated portfolios- 2),,,0,2020-07-20
147963,INF090I01TD9,-,Franklin India Income Opportunities Fund (no. of segregated portfolios- 2),,,0,2020-07-20
147964,INF090I01TA5,-,Franklin India Income Opportunities Fund (no. of segregated portfolios- 2),,,0,2020-07-20
147962,INF090I01TB3,-,Franklin India Income Opportunities Fund (no. of segregated portfolios- 2),,,0,2020-07-20
147967,INF090I01TG2,-,Franklin India Income Opportunities Fund (no. of segregated portfolios- 2),,,0,2023-09-11
147969,INF090I01TE7,-,Franklin India Income Opportunities Fund (no. of segregated portfolios- 2),,,0,2023-09-11
147966,INF090I01TH0,-,Franklin India Income Opportunities Fund (no. of segregated portfolios- 2),,,0,2023-09-11
147968,INF090I01TF4,-,Franklin India Income Opportunities Fund (no. of segregated portfolios- 2),,,0,2023-09-11
128079,INF174K01VS1,INF174K01VU7,Kotak Medium Term Fund,Direct Plan,Standard Income Distribution cum capital withdrawal optio,27.1077,2026-10-06
148248,INF789F1ASC5,INF789F1ASD3,UTI - Medium Term Fund ( Segregated - 06032020),,,0,2026-10-06
148249,INF789F1ASG6,INF789F1ASH4,UTI - Medium Term Fund ( Segregated - 06032020),,,0,2026-10-06
148257,INF789F1ASB7,-,UTI - Medium Term Fund ( Segregated - 06032020),,,0,2026-10-06
148256,INF789F1ASE1,INF789F1ASF8,UTI - Medium Term Fund ( Segregated - 06032020),,,0,2026-10-06
148250,INF789F1ASI2,INF789F1ASJ0,UTI - Medium Term Fund ( Segregated - 06032020),,,0,2026-10-06
148255,INF789F1ARZ8,INF789F1ASA9,UTI - Medium Term Fund ( Segregated - 06032020),,,0,2026-10-06
148247,INF789F1ASN2,INF789F1ASO0,UTI - Medium Term Fund ( Segregated - 06032020),,,0,2026-10-06
148254,INF789F1ASR3,INF789F1ASS1,UTI - Medium Term Fund ( Segregated - 06032020),,,0,2026-10-06
148252,INF789F1ASM4,-,UTI - Medium Term Fund ( Segregated - 06032020),,,0,2026-10-06
148251,INF789F1ASP7,INF789F1ASQ5,UTI - Medium Term Fund ( Segregated - 06032020),,,0,2026-10-06
148246,INF789F1AST9,INF789F1ASU7,UTI - Medium Term Fund ( Segregated - 06032020),,,0,2026-10-06
148253,INF789F1ASK8,INF789F1ASL6,UTI - Medium Term Fund ( Segregated - 06032020),,,0,2026-10-06
148439,-,-,UTI - Medium Term Fund (Segregated - 07072020),,,0,2020-07-14
148442,-,-,UTI - Medium Term Fund (Segregated - 07072020),,,0,2020-07-14
148443,-,-,UTI - Medium Term Fund (Segregated - 07072020),,,0,2020-07-14
148441,-,-,UTI - Medium Term Fund (Segregated - 07072020),,,0,2020-07-14
148440,-,-,UTI - Medium Term Fund (Segregated - 07072020),,,0,2020-07-14
148438,-,-,UTI - Medium Term Fund (Segregated - 07072020),,,0,2020-07-14
148421,-,-,UTI - Medium Term Fund (Segregated - 07072020),,,0,2020-07-14
148434,-,-,UTI - Medium Term Fund (Segregated - 07072020),,,0,2020-07-14
148433,-,-,UTI - Medium Term Fund (Segregated - 07072020),,,0,2020-07-14
148437,-,-,UTI - Medium Term Fund (Segregated - 07072020),,,0,2020-07-14
148435,-,-,UTI - Medium Term Fund (Segregated - 07072020),,,0,2020-07-14
148436,-,-,UTI - Medium Term Fund (Segregated - 07072020),,,0,2020-07-14
108650,INF194K01LL5,INF194K01LK7,Bandhan Money Market   Fund,Regular Plan,Daily IDCW,10.0994,2026-10-06
153296,-,INF761K01GP2,Bank of India Money Market Fund,Direct Plan,Daily IDCW,10.05,2026-10-06
140235,INF843K01CF8,INF843K01CG6,Edelweiss Money Market Fund,Direct Plan,IDCW,29.9131,2026-10-06
140232,INF843K01351,INF843K01369,Edelweiss Money Market Fund,Regular Plan,IDCW,26.9934,2026-10-06
118506,INF090I01GV8,-,Franklin India Money Market Fund,Direct Plan,Retail Plan Growth,56.2894,2026-10-06
152200,INF090I01WV5,INF090I01WW3,Franklin India Money Market Fund,Direct Plan,Retail Plan Weekly IDCW,10.0918,2026-10-06
101357,INF090I01CA1,-,Franklin India Money Market Fund,Regular Plan,Growth,54.3753,2026-10-06
101359,INF090I01BW7,INF090I01BV9,Franklin India Money Market Fund,,,0,2020-06-18
101358,INF090I01BX5,-,Franklin India Money Market Fund,Regular Plan,,0,2015-09-07
122443,-,INF090I01KM9,Franklin India Money Market Fund,Regular Plan,Retail Plan Daily IDCW,10.0651,2026-10-06
101356,INF090I01BZ0,INF090I01BY3,Franklin India Money Market Fund,Regular Plan,Retail Plan Quarterly IDCW,11.1639,2026-10-06
101993,INF179KB1HR5,-,HDFC Money Market Fund,Regular Plan,Growth Option,6192.2588,2026-10-06
101995,INF179KB1IH4,INF179KB1II2,HDFC Money Market Fund,Regular Plan,Weekly IDCW Option,1062.5353,2026-10-06
130013,INF109K01I64,-,ICICI Prudential Money Market Fund - Cash Option,Regular Plan,IDCW Others,188.8635,2026-10-06
143592,INF192K01FH9,-,JM Money Market Fund,,,15.9606,2020-09-25
143595,-,INF192K01DP7,JM Money Market Fund,,,10.0508,2020-09-25
143594,-,INF192K01AR9,JM Money Market Fund,,,10.0418,2020-09-25
143596,-,INF192K01AT5,JM Money Market Fund,,,10.311,2020-09-25
143600,-,INF192K01AS7,JM Money Market Fund,,,10.6454,2020-09-25
118718,-,INF204K01ZN8,Nippon India Money Market Fund,Direct Plan,DAILY IDCW Option,1006.2379,2026-10-06
118715,INF204K01G11,-,Nippon India Money Market Fund,Direct Plan,Bonus Option,2684.1652,2026-10-06
103052,INF204K01VB2,INF204K01VC0,Nippon India Money Market Fund,Regular Plan,MONTHLY IDCW Option,1026.9809,2026-10-06
112341,INF204K01VD8,INF204K01VE6,Nippon India Money Market Fund,Regular Plan,QUARTERLY IDCW Option,1013.6002,2026-10-06
103051,-,INF204K01UZ3,Nippon India Money Market Fund,Regular Plan,WEEKLY IDCW Option,1006.8029,2026-10-06
103048,INF204K01VA4,-,Nippon India Money Market Fund,Regular Plan,Growth Option,4497.1005,2026-10-06
148162,-,INF663L01U16,PGIM India Money Market Fund,Direct Plan,Direct IDCW,1010.4294,2026-10-06
152111,-,-,PGIM India Money Market Fund,Direct Plan,Direct IDCW,0,2026-10-06
152114,-,-,PGIM India Money Market Fund,Direct Plan,Direct Growth,0,2026-10-06
152112,-,-,PGIM India Money Market Fund,Direct Plan,Direct IDCW,0,2026-10-06
152113,-,-,PGIM India Money Market Fund,Direct Plan,Direct IDCW,0,2026-10-06
152120,-,-,PGIM India Money Market Fund,Regular Plan,Regular IDCW,0,2026-10-06
152122,-,-,PGIM India Money Market Fund,Regular Plan,Regular Growth,0,2026-10-06
152119,-,-,PGIM India Money Market Fund,Regular Plan,Regular IDCW,0,2026-10-06
152121,-,-,PGIM India Money Market Fund,Regular Plan,Regular IDCW,0,2026-10-06
145053,-,INF903JA1FW6,Sundaram Money Market Fund,Direct Plan,IDCW (Income Distribution CUM Capital Withdrawal),10.3782,2023-06-26
145051,INF903JA1FS4,-,Sundaram Money Market Fund,Direct Plan,IDCW (Income Distribution CUM Capital Withdrawal),11.5168,2026-10-06
145055,-,INF903JA1FV8,Sundaram Money Market Fund,Direct Plan,IDCW (Income Distribution CUM Capital Withdrawal),10.4933,2023-09-08
145057,-,INF903JA1FY2,Sundaram Money Market Fund,Direct Plan,IDCW (Income Distribution CUM Capital Withdrawal),12.7426,2025-06-27
145043,-,INF903JA1FM7,Sundaram Money Market Fund,Regular Plan,IDCW (Income Distribution CUM Capital Withdrawal),10.062,2024-06-28
150511,INF0GCD01479,-,TRUSTMF Money Market Fund,Regular Plan,Growth,1316.6018,2026-10-06
149119,-,INF582M01HH3,Union Money Market Fund,Direct Plan,Daily IDCW Option,1000.0024,2021-09-17
120299,INF789F01XV6,-,UTI - Money Market Fund,Direct Plan,Growth,3388.3655,2026-10-06
112077,INF789F01PX8,-,UTI - Money Market Fund,Regular Plan,Growth,3344.2158,2026-10-06
100725,INF789F01BE8,-,UTI - Money Market Fund,Regular Plan,Discontinued Periodic Dividend,2663.7488,2026-10-06
120772,-,INF789F01XU8,UTI - Money Market Fund,Direct Plan,Daily IDCW (Reinvestment),1030.8658,2026-10-06
120793,INF789F01XW4,INF789F01XX2,UTI - Money Market Fund,Direct Plan,Weekly IDCW,1138.6804,2026-10-06
112076,-,INF789F01PW0,UTI - Money Market Fund,Regular Plan,Daily IDCW (Reinvestment),1067.3607,2026-10-06
112635,INF789F01PY6,INF789F01PZ3,UTI - Money Market Fund,Regular Plan,Weekly IDCW,1110.0534,2026-10-06
145489,-,INF209KB1ZJ8,ADITYA BIRLA SUN LIFE OVERNIGHT FUND,Direct Plan,Weekly IDCW,1000.1424,2026-10-06
145486,INF209KB1ZH2,-,ADITYA BIRLA SUN LIFE OVERNIGHT FUND,Direct Plan,GROWTH,1495.3003,2026-10-06
145481,INF209KB1ZC3,-,ADITYA BIRLA SUN LIFE OVERNIGHT FUND,Regular Plan,GROWTH,1481.8141,2026-10-06
151849,INF0QA701177,-,Bajaj Finserv Overnight Fund,Direct Plan,Growth,1213.5449,2026-10-06
146192,INF194KB1553,INF194KB1561,BANDHAN Overnight Fund,Direct Plan,Weekly IDCW,1000.6997,2026-10-06
147952,-,INF761K01EV5,BANK OF INDIA OVERNIGHT FUND,Direct Plan,Daily IDCW,1000,2026-10-06
147947,-,INF761K01FB4,BANK OF INDIA OVERNIGHT FUND,Regular Plan,Weekly IDCW,1000.2841,2026-01-29
149413,-,-,BANK OF INDIA OVERNIGHT FUND,,,1322.7944,2026-10-06
149311,-,-,DSP Overnight Fund,,,10,2026-10-06
147550,INF754K01JZ0,INF754K01JY3,Edelweiss Overnight Fund,Direct Plan,Fortnightly IDCW,1373.6486,2026-10-06
149476,-,-,Edelweiss Overnight Fund,,,1000,2026-10-06
149479,-,-,Edelweiss Overnight Fund,,,1000,2026-10-06
149478,-,-,Edelweiss Overnight Fund,,,1308.5409,2026-10-06
149446,-,-,Franklin India Overnight Fund,Regular Plan,Unclaimed Redemption,13.0928,2026-10-06
101996,INF179KB1HS3,-,HDFC Overnight Fund,Regular Plan,Growth Option,4053.9813,2026-10-06
119110,INF179KB1HT1,-,HDFC Overnight Fund,Direct Plan,Growth Option,4098.0574,2026-10-06
145550,INF109KC13H5,INF109KC14H3,ICICI Prudential Overnight Fund,,,1033.5731,2022-09-16
145537,-,INF109KC12G9,ICICI Prudential Overnight Fund,Direct Plan,Daily IDCW,1000.005,2026-10-06
149408,INF109KC16H8,-,ICICI Prudential Overnight Fund,Direct Plan,Unclaimed IDCW Transitory Scheme,1314.5397,2026-10-06
149409,INF109KC17H6,-,ICICI Prudential Overnight Fund,Direct Plan,Unclaimed Redemption Stable Scheme,1000,2026-10-06
145538,INF109KC12F1,INF109KC11F3,ICICI Prudential Overnight Fund,Regular Plan,Weekly IDCW,1000.1409,2026-10-06
147717,INF00XX01630,INF00XX01606,ITI Overnight Fund,Direct Plan,Monthly IDCW Option,1002.3362,2026-10-06
147709,-,INF00XX01481,ITI Overnight Fund,Regular Plan,Daily IDCW Option,1001.0001,2026-10-06
146141,INF174KA1BF9,-,Kotak Overnight Fund,Direct Plan,Growth,1475.2024,2026-10-06
146140,-,INF174KA1BE2,Kotak Overnight Fund,Direct Plan,Daily Reinvestment of Income Distribution cum capital withdrawal option,1003.6055,2026-10-06
147513,INF767K01QE2,INF767K01QF9,LIC MF Overnight Fund,Direct Plan,IDCW,1433.4274,2026-10-06
147517,-,INF767K01QB8,LIC MF Overnight Fund,Regular Plan,Daily IDCW,1129.7531,2026-10-06
147519,INF767K01QD4,-,LIC MF Overnight Fund,Regular Plan,Growth,1421.1026,2026-10-06
149471,-,-,Mahindra Manulife Overnight Fund,,Unclaimed Redemption/IDCW beyond 3 years,1000,2026-10-06
149470,-,-,Mahindra Manulife Overnight Fund,,Unclaimed Redemption/IDCW upto 3 years,1312.2473,2026-10-06
145830,-,INF204KB1Q73,Nippon India Overnight Fund,Regular Plan,DAILY IDCW Option,100.005,2026-10-06
145833,INF204KB1R15,INF204KB1R23,Nippon India Overnight Fund,Regular Plan,QUARTERLY IDCW Option,100.5207,2026-10-06
147606,INF663L01T01,-,PGIM India Overnight Fund,Direct Plan,Direct Growth,1424.5892,2026-10-06
147600,INF663L01T43,-,PGIM India Overnight Fund,Regular Plan,Regular Growth,1418.1171,2026-10-06
151190,INF966L01AZ7,-,quant Overnight Fund,Direct Plan,Growth Option,12.6251,2026-10-06
151193,INF966L01BA8,INF966L01BB6,quant Overnight Fund,Direct Plan,IDCW Option,12.6301,2026-10-06
154086,-,-,quant Overnight Fund,Direct Plan,Unclaimed IDCW Less than 3 years,10.4029,2026-10-06
154085,-,-,quant Overnight Fund,Direct Plan,Unclaimed Redemption Greater than 3 years,10,2026-10-06
119833,INF200K01TK5,-,SBI OVERNIGHT FUND,Direct Plan,Growth,4495.1225,2026-10-06
114297,-,INF200K01LN6,SBI OVERNIGHT FUND,Regular Plan,IDCW,1388.6287,2026-10-06
103140,INF200K01LO4,INF200K01LP1,SBI OVERNIGHT FUND,Regular Plan,IDCW,1417.8845,2026-10-06
146979,-,INF277K017T7,Tata Overnight Fund,Regular Plan,Daily Reinvestment of Income Distribution cum capital withdrawal option,1000.0002,2026-10-06
146977,INF277K016T9,-,Tata Overnight Fund,Regular Plan,Growth Option,1447.2887,2026-10-06
149796,-,INF0GCD01461,TRUSTMF Overnight Fund,Direct Plan,Daily IDCW Reinvestment,1278.7502,2026-10-06
147003,INF582M01FA2,-,Union Overnight Fund,Direct Plan,Growth Option,1455.4509,2026-10-06
146998,-,INF582M01FK1,Union Overnight Fund,Regular Plan,Daily IDCW Option,1001.2621,2026-10-06
147000,INF582M01FP0,INF582M01FN5,Union Overnight Fund,Regular Plan,Monthly IDCW Option,1002.1473,2026-10-06
101843,INF209K01975,INF209K01DK0,Aditya Birla Sun Life Short Term Fund,Regular Plan,IDCW,14.2524,2026-10-06
148313,INF090I01VS3,-,Franklin India Short-Term Income Plan (no. of segregated portfolios- 3),Direct Plan,Retail Plan Growth,0,2026-10-06
118568,INF090I01GP0,-,Franklin India Short-Term Income Plan (no. of segregated portfolios- 3),Direct Plan,,3622.9808,2025-05-02
148314,INF090I01VR5,-,Franklin India Short-Term Income Plan (no. of segregated portfolios- 3),Regular Plan,Institutional Plan Growth,0,2026-10-06
148318,INF090I01VN4,-,Franklin India Short-Term Income Plan (no. of segregated portfolios- 3),Regular Plan,Retail Plan Growth,0,2026-10-06
148013,INF090I01UX5,-,Franklin India Short-Term Income Plan (no. of segregated portfolios- 3),,,0,2023-09-04
148015,INF090I01UY3,-,Franklin India Short-Term Income Plan (no. of segregated portfolios- 3),Direct Plan,,0,2023-09-11
148010,INF090I01UT3,-,Franklin India Short-Term Income Plan (no. of segregated portfolios- 3),,,0,2023-09-11
148004,INF090I01UR7,-,Franklin India Short-Term Income Plan (no. of segregated portfolios- 3),,,0,2020-07-20
148009,INF090I01UQ9,-,Franklin India Short-Term Income Plan (no. of segregated portfolios- 3),,,0,2020-07-20
148003,INF090I01UM8,-,Franklin India Short-Term Income Plan (no. of segregated portfolios- 3),,,0,2020-07-20
148007,INF090I01UL0,-,Franklin India Short-Term Income Plan (no. of segregated portfolios- 3),,,0,2020-07-20
148017,INF090I01VA1,-,Franklin India Short-Term Income Plan (no. of segregated portfolios- 3),Direct Plan,,0,2023-09-11
148018,INF090I01UZ0,-,Franklin India Short-Term Income Plan (no. of segregated portfolios- 3),Direct Plan,,0,2023-09-11
148016,INF090I01VB9,-,Franklin India Short-Term Income Plan (no. of segregated portfolios- 3),Direct Plan,,0,2023-09-04
148011,INF090I01UV9,-,Franklin India Short-Term Income Plan (no. of segregated portfolios- 3),,,0,2023-09-11
148012,INF090I01UU1,-,Franklin India Short-Term Income Plan (no. of segregated portfolios- 3),,,0,2023-09-11
148014,INF090I01UW7,-,Franklin India Short-Term Income Plan (no. of segregated portfolios- 3),,,0,2023-09-11
148312,INF090I01VU9,-,Franklin India Short-Term Income Plan (no. of segregated portfolios- 3),Direct Plan,Retail Plan Monthly IDCW,0,2026-10-06
148311,INF090I01VT1,-,Franklin India Short-Term Income Plan (no. of segregated portfolios- 3),Direct Plan,Retail Plan Quarterly IDCW,0,2026-10-06
148319,INF090I01VP9,-,Franklin India Short-Term Income Plan (no. of segregated portfolios- 3),Regular Plan,Retail Plan Monthly IDCW,0,2026-10-06
148317,INF090I01VO2,-,Franklin India Short-Term Income Plan (no. of segregated portfolios- 3),Regular Plan,Retail Plan Quarterly IDCW,0,2026-10-06
148008,INF090I01UO4,-,Franklin India Short-Term Income Plan (no. of segregated portfolios- 3),,,0,2020-07-13
148002,INF090I01UP1,-,Franklin India Short-Term Income Plan (no. of segregated portfolios- 3),,,0,2020-07-20
148001,INF090I01UK2,-,Franklin India Short-Term Income Plan (no. of segregated portfolios- 3),,,0,2020-07-20
148005,INF090I01UN6,-,Franklin India Short-Term Income Plan (no. of segregated portfolios- 3),,,0,2020-07-20
148315,INF090I01VQ7,-,Franklin India Short-Term Income Plan (no. of segregated portfolios- 3),Regular Plan,Retail Plan Weekly IDCW,0,2026-10-06
101246,INF090I01387,INF090I01395,Franklin India Short-Term Income Plan (no. of segregated portfolios- 3),,,0,2018-04-27
148006,INF090I01US5,-,Franklin India Short-Term Income Plan (no. of segregated portfolios- 3),,,0,2020-07-13
148316,INF090I01VV7,-,Franklin India Short-Term Income Plan (no. of segregated portfolios- 3),Direct Plan,Retail Plan Weekly IDCW,0,2026-10-06
101237,INF090I01DY9,-,Franklin India Short-Term Income Plan (no. of segregated portfolios- 3),,,0,2015-06-08
120755,INF109K014N1,INF109K015N8,ICICI Prudential Short Term Fund,Direct Plan,Monthly IDCW,12.6802,2026-10-06
120753,INF109K012N5,-,ICICI Prudential Short Term Fund,,,12.823,2022-09-16
131479,INF109KA1X10,INF109KA1X02,ICICI Prudential Short Term Fund,,,13.4958,2022-09-16
115090,-,INF192K01AZ2,JM Short Term Fund..,,,13.9335,2020-09-25
109574,INF090I01CE3,INF090I01CF0,Franklin India Ultra Short Bond Fund (no. of segregated portfolio-1),,,0,2015-09-01
107252,-,INF090I01CH6,Franklin India Ultra Short Bond Fund (no. of segregated portfolio-1),,,12.4137,2022-08-07
109575,INF090I01CI4,INF090I01CJ2,Franklin India Ultra Short Bond Fund (no. of segregated portfolio-1),,,12.5163,2022-08-07
147975,INF090I01VF0,-,Franklin India Ultra Short Bond Fund (no. of segregated portfolio-1),,,0,2020-07-13
147976,INF090I01VE3,-,Franklin India Ultra Short Bond Fund (no. of segregated portfolio-1),,,0,2020-07-13
147980,INF090I01VD5,-,Franklin India Ultra Short Bond Fund (no. of segregated portfolio-1),,,0,2020-07-20
147979,INF090I01VC7,-,Franklin India Ultra Short Bond Fund (no. of segregated portfolio-1),,,0,2020-07-20
147977,INF090I01VI4,-,Franklin India Ultra Short Bond Fund (no. of segregated portfolio-1),,,0,2020-07-13
147971,INF090I01VH6,-,Franklin India Ultra Short Bond Fund (no. of segregated portfolio-1),,,0,2020-07-20
147974,INF090I01VL8,-,Franklin India Ultra Short Bond Fund (no. of segregated portfolio-1),,,0,2020-07-20
147973,INF090I01VK0,-,Franklin India Ultra Short Bond Fund (no. of segregated portfolio-1),,,0,2020-07-20
147978,INF090I01VM6,-,Franklin India Ultra Short Bond Fund (no. of segregated portfolio-1),,,0,2020-07-20
147970,INF090I01VG8,-,Franklin India Ultra Short Bond Fund (no. of segregated portfolio-1),,,0,2020-07-20
147972,INF090I01VJ2,-,Franklin India Ultra Short Bond Fund (no. of segregated portfolio-1),,,0,2020-07-20
145041,-,INF179KB12R1,HDFC Ultra Short Term Fund,Regular Plan,Daily IDCW Option,10.1029,2026-10-06
130942,INF109KA1H69,-,ICICI Prudential Ultra Short term Fund,,,16.0996,2020-04-24
115091,INF109K01TT9,INF109K01TS1,ICICI Prudential Ultra Short term Fund,Regular Plan,Quarterly IDCW,10.9911,2026-10-06
120454,-,INF192K01DL6,JM Ultra Short Duration Fund,,,10.3437,2020-09-25
120455,-,INF192K01DM4,JM Ultra Short Duration Fund,,,10.8856,2020-09-25
124303,-,INF247L01270,Motilal Oswal Ultra Short Term Fund,,Payout/Reinvestment,11.4495,2026-10-06
124313,-,INF247L01296,Motilal Oswal Ultra Short Term Fund,Regular Plan,Reinvestment,11.5161,2026-10-06
146068,-,INF277K015T1,Tata Ultra Short Term Fund,Direct Plan,Weekly Reinvestment of Income Distribution cum capital withdrawal option,10.4023,2026-10-06
146069,INF277K012T8,-,Tata Ultra Short Term Fund,Direct Plan,Monthly Payout of Income Distribution cum capital withdrawal option,16.2519,2026-10-06
100915,INF200K01347,INF200K01354,SBI CONTRA FUND,Regular Plan,IDCW,62.6652,2026-10-06
118527,INF090I01IT8,-,Franklin India Dividend Yield Fund,Direct Plan,Growth,145.1244,2026-10-06
152022,INF397L01LC1,-,LIC MF Dividend Yield Fund,Direct Plan,Growth,35.1912,2026-10-06
152021,INF397L01KZ4,INF397L01LA5,LIC MF Dividend Yield Fund,Direct Plan,IDCW,35.1726,2026-10-06
152020,INF397L01KV3,INF397L01KW1,LIC MF Dividend Yield Fund,Regular Plan,IDCW,31.8384,2026-10-06
149698,INF173K01AD9,INF173K01AE7,Sundaram Dividend Yield Fund (Formerly Known as Principal Dividend Yield Fund),Regular Plan,IDCW (Income Distribution CUM Capital Withdrawal),34.0554,2026-10-06
148952,INF277K017Z4,-,Tata Dividend Yield Fund,Direct Plan,IDCW Payout Option,20.8812,2026-10-06
148951,-,INF277K016Z6,Tata Dividend Yield Fund,Direct Plan,IDCW Reinvestment Option,20.8812,2026-10-06
119543,INF209K01P23,INF209K01UM0,Aditya Birla Sun Life ELSS Tax Saver Fund,Direct Plan,IDCW,414.23,2026-10-06
150156,INF251K01985,-,Baroda BNP Paribas ELSS Tax Saver Fund,Regular Plan,Growth Option,95.7667,2026-10-06
150157,INF251K01AA9,INF251K01993,Baroda BNP Paribas ELSS Tax Saver Fund,Regular Plan,IDCW Option,21.0496,2026-10-06
118540,INF090I01JS8,-,Franklin India ELSS Tax Saver Fund,Direct Plan,Growth,1532.2181,2026-10-06
118541,INF090I01JT6,INF090I01JU4,Franklin India ELSS Tax Saver Fund,Direct Plan,IDCW,67.0928,2026-10-06
100526,INF090I01775,-,Franklin India ELSS Tax Saver Fund,Regular Plan,Growth,1361.5202,2026-10-06
147542,INF00XX01408,-,ITI ELSS Tax Saver Fund,Direct Plan,IDCW Option,24.7987,2026-10-06
134865,-,INF767K01998,LIC MF Unit Linked Insurance Scheme (ULIS),Regular Plan,IDCW Reinvestment,35.7425,2026-10-06
134847,-,INF767K01980,LIC MF Unit Linked Insurance Scheme (ULIS),Regular Plan,IDCW Reinvestment,35.7425,2026-10-06
135977,-,INF767K01PB0,LIC MF Unit Linked Insurance Scheme (ULIS),Direct Plan,IDCW Reinvestment,40.2323,2026-10-06
135983,-,INF767K01PA2,LIC MF Unit Linked Insurance Scheme (ULIS),Regular Plan,IDCW Reinvestment,35.7425,2026-10-06
134880,-,INF767K01DV4,LIC MF Unit Linked Insurance Scheme (ULIS),Direct Plan,IDCW Reinvestment,40.2323,2026-10-06
135978,-,INF767K01OX7,LIC MF Unit Linked Insurance Scheme (ULIS),Direct Plan,IDCW Reinvestment,40.2323,2026-10-06
134883,-,INF767K01DY8,LIC MF Unit Linked Insurance Scheme (ULIS),Direct Plan,IDCW Reinvestment,40.2323,2026-10-06
134885,-,INF767K01EA6,LIC MF Unit Linked Insurance Scheme (ULIS),Direct Plan,IDCW Reinvestment,40.2323,2026-10-06
134887,-,INF767K01DZ5,LIC MF Unit Linked Insurance Scheme (ULIS),Direct Plan,IDCW Reinvestment,40.2323,2026-10-06
134874,-,INF767K01AJ5,LIC MF Unit Linked Insurance Scheme (ULIS),Regular Plan,IDCW Reinvestment,35.7425,2026-10-06
133386,INF247L01569,-,Motilal Oswal ELSS Tax Saver Fund,Direct Plan,Growth,64.5264,2026-10-06
100175,INF966L01135,-,Quant ELSS Tax Saver Fund,Regular Plan,Growth Option,402.7253,2026-10-06
119723,INF200K01UM9,-,SBI ELSS Tax Saver Fund,Direct Plan,Growth,446.7077,2026-10-06
105628,INF200K01495,-,SBI ELSS Tax Saver Fund,Regular Plan,Growth,410.2049,2026-10-06
145819,INF680P01158,-,Shriram ELSS Tax Saver Fund,Direct Plan,Growth,22.6246,2026-10-06
149569,INF173K01361,-,Sundaram ELSS Tax Saver Fund,Regular Plan,GROWTH,473.7343,2026-10-06
149572,INF173K01NM3,-,Sundaram ELSS Tax Saver Fund,Regular Plan,IDCW (Income Distribution CUM Capital Withdrawal),364.165,2026-10-06
120714,INF789F01TD2,INF789F01TE0,UTI ELSS Tax Saver Fund,Direct Plan,IDCW,51.0372,2026-10-06
100820,INF789F01521,INF789F01539,UTI ELSS Tax Saver Fund,Regular Plan,IDCW,36.5487,2026-10-06
151896,INF0QA701359,INF0QA701367,Bajaj Finserv Flexi Cap Fund,Direct Plan,IDCW,15.772,2026-10-06
150385,INF251K01QW9,-,Baroda BNP Paribas Flexi Cap Fund,Regular Plan,Growth Option,15.3284,2026-10-06
153738,INF226401018,-,Capitalmind Flexi Cap Fund,Direct Plan,Growth,10.1752,2026-10-06
153739,INF226401026,-,Capitalmind Flexi Cap Fund,Regular Plan,Growth,10.0076,2026-10-06
119077,INF740K01PJ0,INF740K01PK8,DSP Flexi Cap Fund,Direct Plan,IDCW,81.814,2026-10-06
140356,INF843K01KO3,INF843K01KP0,Edelweiss Flexi Cap Fund,Regular Plan,IDCW,30.026,2026-10-06
101762,INF179K01608,-,HDFC Flexi Cap Fund,Regular Plan,Growth Option,1977.673,2026-10-06
143787,INF959L01EE9,-,Navi Flexi Cap Fund,Regular Plan,Growth,24.4192,2026-10-06
143789,INF959L01EF6,INF959L01EG4,Navi Flexi Cap Fund,Regular Plan,IDCW PAYOUT,24.4228,2026-10-06
143788,INF959L01EJ8,INF959L01EK6,Navi Flexi Cap Fund,Regular Plan,DCW PAYOUT,24.4165,2026-10-06
154225,INF0S5R01133,-,Old Bridge Flexi Cap Fund,Direct Plan,Direct Growth,11.03,2026-10-06
120842,INF966L01895,INF966L01903,Quant Flexi Cap Fund,Direct Plan,IDCW Option,80.5357,2026-10-06
103216,INF200K01230,INF200K01248,SBI FLEXICAP FUND,Regular Plan,IDCW,47.2626,2026-10-06
150572,-,INF903JA1LG7,Sundaram Flexicap Fund,Direct Plan,IDCW (Income Distribution CUM Capital Withdrawal),12.0673,2026-10-06
150569,INF903JA1LC6,-,Sundaram Flexicap Fund,Regular Plan,IDCW (Income Distribution CUM Capital Withdrawal),11.339,2026-10-06
144546,INF277K015K0,-,Tata Flexi Cap Fund,Direct Plan,Growth Option,25.443,2026-10-06
153872,INF2F0001040,-,The Wealth Company Flexi Cap Fund,Direct Plan,Growth,9.683,2026-10-06
152585,INF0GCD01750,INF0GCD01768,TRUSTMF Flexi Cap Fund,Direct Plan,IDCW,12.6,2026-10-06
152583,INF0GCD01727,INF0GCD01735,TRUSTMF Flexi Cap Fund,Regular Plan,IDCW,12.11,2026-10-06
153542,INF1MIY01049,-,UNIFI FLEXI CAP FUND,Regular Plan,GROWTH,10.463,2026-10-06
119292,INF582M01633,-,Union Flexi Cap Fund,Direct Plan,Growth Option,57.75,2026-10-06
120662,INF789F01TC4,-,UTI - Flexi Cap Fund.,Direct Plan,Growth,339.3115,2026-10-06
113032,INF740K01540,INF740K01AC7,DSP Focused Fund,Regular Plan,IDCW,19.616,2026-10-06
150382,INF754K01OL0,-,Edelweiss Focused Fund,Regular Plan,Growth,15.69,2026-10-06
118564,INF090I01IW2,-,Franklin India Focused Equity Fund,Direct Plan,Growth,108.2675,2026-10-06
118563,INF090I01IU6,INF090I01IV4,Franklin India Focused Equity Fund,Direct Plan,IDCW,34.8253,2026-10-06
102760,INF179K01574,-,HDFC Focused Fund,Regular Plan,Growth Option,225.124,2026-10-06
151778,INF00XX01CV2,-,ITI Focused Fund,Regular Plan,Growth Option,15.9411,2026-10-06
147473,INF174KA1EN7,-,Kotak Focused Fund,Direct Plan,Growth option,29.201,2026-10-06
147472,INF174KA1EM9,INF174KA1EL1,Kotak Focused Fund,Regular Plan,Income Distribution cum capital withdrawal option,26.143,2026-10-06
152010,INF397L01KA7,-,LIC MF Focused Fund,Direct Plan,Growth,24.165,2026-10-06
152008,INF397L01JX1,INF397L01JY9,LIC MF Focused Fund,Direct Plan,IDCW,24.1351,2026-10-06
152361,INF0S5R01034,-,Old Bridge Focused Fund,Regular Plan,Regular Growth,13.33,2026-10-06
152363,INF0S5R01018,INF0S5R01026,Old Bridge Focused Fund,Regular Plan,Regular IDCW,13.33,2026-10-06
109275,INF966L01374,-,Quant Focused Fund,Regular Plan,Growth Option,91.679,2026-10-06
120835,INF966L01838,INF966L01846,Quant Focused Fund,Direct Plan,IDCW Option,60.5283,2026-10-06
119834,INF200K01RH5,INF200K01RI3,SBI FOCUSED FUND,Direct Plan,IDCW,107.6068,2026-10-06
102756,INF200K01370,-,SBI FOCUSED FUND,Regular Plan,Growth,389.6347,2026-10-06
100033,INF209K01165,-,Aditya Birla Sun Life Large & Mid Cap Fund,Regular Plan,GROWTH,918.3,2026-10-06
119433,INF209K01VG0,INF209K01VI6,Aditya Birla Sun Life Large & Mid Cap Fund,Direct Plan,IDCW,207.5,2026-10-06
100034,INF209K01157,INF209K01CE5,Aditya Birla Sun Life Large & Mid Cap Fund,Regular Plan,IDCW,133.74,2026-10-06
110603,INF761K01108,-,BANK OF INDIA LARGE & MID CAP FUND,Regular Plan,Growth,89.54,2026-10-06
110606,INF761K01074,-,BANK OF INDIA LARGE & MID CAP FUND,Regular Plan,Bonus,89.53,2026-10-06
140173,INF843K01054,INF843K01062,Edelweiss Large & Mid Cap Fund,Regular Plan,IDCW,32.983,2026-10-06
135679,INF959L01CI4,INF959L01CJ2,Navi Large & Midcap Fund,Direct Plan,IDCW Payout,42.3013,2026-10-06
152382,INF663L01Y12,-,PGIM India Large and Midcap Fund,Direct Plan,Direct Growth,12.76,2026-10-06
104513,INF966L01341,-,Quant Large & Mid Cap Fund,Regular Plan,Growth Option,121.5522,2026-10-06
104514,INF966L01325,INF966L01333,Quant Large & Mid Cap Fund,Regular Plan,IDCW Option,74.1953,2026-10-06
105001,INF903J01DT1,-,Sundaram Large and Midcap Fund,Regular Plan,GROWTH,89.1489,2026-10-06
119202,INF277K01MK8,-,Tata Large & Mid Cap Fund,Direct Plan,Growth Option,548.2052,2026-10-06
147748,INF582M01GD4,-,Union Large & Midcap Fund,Regular Plan,Growth Option,26.58,2026-10-06
119528,INF209K01YY7,-,Aditya Birla Sun Life Large Cap Fund,Direct Plan,GROWTH,551.81,2026-10-06
103174,INF209K01BR9,-,Aditya Birla Sun Life Large Cap Fund,Regular Plan,GROWTH,495.38,2026-10-06
152780,INF0QA701862,-,BAJAJ FINSERV LARGE CAP FUND,Regular Plan,Growth,9.643,2026-10-06
118479,INF194K01Z44,-,BANDHAN LARGE CAP FUND,Direct Plan,Growth,87.647,2026-10-06
150186,INF251K01910,INF251K01902,BARODA BNP PARIBAS LARGE CAP FUND,Regular Plan,IDCW Option,20.6805,2026-10-06
101635,INF740K01243,-,DSP Large Cap Fund,Regular Plan,Growth,435.735,2026-10-06
118616,INF754K01BT0,INF754K01BU8,Edelweiss Large Cap Fund,Direct Plan,IDCW,36.93,2026-10-06
118617,INF754K01BW4,-,Edelweiss Large Cap Fund,Direct Plan,Growth,93.55,2026-10-06
118531,INF090I01FN7,-,Franklin India Large Cap Fund,Direct Plan,Growth,1079.3855,2026-10-06
119018,INF179K01YV8,-,HDFC Large Cap Fund,Direct Plan,Growth Option,1168.615,2026-10-06
102001,INF179K01BC6,INF179K01BD4,HDFC Large Cap Fund,Regular Plan,IDCW Option,49.135,2026-10-06
148352,INF00XX01812,INF00XX01820,ITI Large Cap Fund,Direct Plan,IDCW Option,17.9179,2026-10-06
114458,INF174K01153,-,Kotak Large Cap Fund,Regular Plan,Growth,538.544,2026-10-06
106235,INF204K01562,-,Nippon India Large Cap Fund,Regular Plan,Growth Option,85.3486,2026-10-06
106240,INF204K01554,-,Nippon India Large Cap Fund,Regular Plan,Bonus Option,85.3486,2026-10-06
138314,INF223J01MM0,-,PGIM India Large Cap Fund,,,24.02,2019-07-28
138307,INF663L01GU8,INF663L01GV6,PGIM India Large Cap Fund,Regular Plan,Regular IDCW,17.08,2026-10-06
154156,-,INF879O01357,Parag Parikh Large Cap Fund,Direct Plan,Monthly IDCW Payout,9.1655,2026-10-06
103504,INF200K01180,-,SBI Large Cap Fund,Regular Plan,Growth,89.7299,2026-10-06
148507,INF903JA1JC0,-,Sundaram Large Cap Fund ( Formerly Know as Sundaram Blue Chip Fund),Direct Plan,GROWTH,21.7095,2026-10-06
102036,INF277K01EG3,INF277K01923,Tata Large Cap Fund,Regular Plan,Payout of IDCW Option,96.538,2026-10-06
118870,INF044D01BX3,-,Taurus Large Cap Fund,Direct Plan,Growth,178.6,2026-10-06
118871,INF044D01BY1,INF044D01BZ8,Taurus Large Cap Fund,Direct Plan,Income Distribution cum Capital Withdrawal,68.37,2026-10-06
120656,INF789F01US8,-,UTI - Large Cap Fund,Direct Plan,Growth,280.5539,2026-10-06
120505,INF846K01EH3,-,Axis Midcap Fund,Direct Plan,Growth Option,139.13,2026-10-06
140228,INF843K01AO4,-,Edelweiss Mid Cap Fund,Direct Plan,Growth,123.545,2026-10-06
152001,INF397L01JO0,-,LIC MF Mid Cap Fund,Regular Plan,Growth,30.0561,2026-10-06
118666,INF204K01E39,INF204K01E47,Nippon India Growth Mid Cap Fund,Direct Plan,IDCW Option,186.9313,2026-10-06
125307,INF663L01DV3,-,PGIM India Midcap Fund,Direct Plan,Direct Growth,75.04,2026-10-06
119716,INF200K01TP4,-,SBI MIDCAP FUND,Direct Plan,Growth,265.0263,2026-10-06
119178,INF277K01PY2,-,Tata Mid Cap Fund,Direct Plan,Growth Option,507.6877,2026-10-06
102326,INF277K01DS0,INF277K01642,Tata Mid Cap Fund,Regular Plan,IDCW Option,116.6284,2026-10-06
118872,INF044D01CA9,-,Taurus Mid Cap Fund,Direct Plan,Growth,136.69,2026-10-06
111642,INF044D01781,INF044D01799,Taurus Mid Cap Fund,Regular Plan,Income Distribution cum Capital Withdrawal,102.66,2026-10-06
154211,INF0GCD01883,-,TRUSTMF MID CAP FUND,Regular Plan,Growth,11.78,2026-10-06
148921,INF209KB1Y49,-,Aditya Birla Sun Life Multi-Cap Fund,Direct Plan,GROWTH,22.32,2026-10-06
149303,INF194KB1CL0,-,BANDHAN MULTI CAP FUND,Direct Plan,Growth,18.263,2026-10-06
149305,INF194KB1CI6,-,BANDHAN MULTI CAP FUND,Regular Plan,Growth,16.97,2026-10-06
102021,INF955L01658,INF955L01666,Baroda BNP Paribas Multi Cap Fund,Regular Plan,IDCW Option,49.1023,2026-10-06
152093,INF754K01SA4,INF754K01SB2,Edelweiss Multi Cap Fund,Direct Plan,IDCW,15.3735,2026-10-06
152095,INF754K01RW0,-,Edelweiss Multi Cap Fund,Regular Plan,Growth,15.1601,2026-10-06
152096,INF754K01RX8,INF754K01RY6,Edelweiss Multi Cap Fund,Regular Plan,IDCW,14.6714,2026-10-06
150662,INF767K01RI1,INF767K01RJ9,LIC MF Multi Cap Fund,Regular Plan,IDCW,18.0577,2026-10-06
152818,INF663L01Y95,INF663L01Z37,PGIM India Multi Cap Fund,Regular Plan,Regular IDCW,10.4,2026-10-06
100630,INF966L01218,INF966L01226,Quant Multi Cap Fund,Regular Plan,IDCW Option,74.6032,2026-10-06
149887,INF200KA19E0,INF200KA10F6,SBI MultiCap Fund,Direct Plan,IDCW,17.5081,2026-10-06
153644,INF0GCD01834,-,TRUSTMF MULTI CAP FUND,Direct Plan,Growth,11.88,2026-10-06
150857,INF582M01IP4,INF582M01IQ2,Union Multicap Fund,Direct Plan,IDCW Option,17.87,2026-10-06
125595,INF209K011W7,-,Aditya Birla Sun Life Banking and Financial Services Fund,Regular Plan,GROWTH,59.94,2026-10-06
153125,INF209KC1381,-,Aditya Birla Sun Life Conglomerate Fund,Direct Plan,IDCW Payout,10.55,2026-10-06
103110,INF209K01439,INF209K01CR7,Aditya Birla Sun Life Consumption Fund,Regular Plan,IDCW-Re-investment,34.46,2026-10-06
148636,INF209KB1U50,INF209KB1U68,Aditya Birla Sun Life ESG Integration Strategy Fund,Regular Plan,IDCW,13.98,2026-10-06
119515,INF209K01WG8,-,Aditya Birla Sun Life Infrastructure Fund,Direct Plan,IDCW,46.57,2026-10-06
106873,INF209K01520,-,Aditya Birla Sun Life International Equity Fund,Regular Plan,GROWTH,53.9266,2026-10-06
133513,INF209KA1YH6,-,Aditya Birla Sun Life Manufacturing Equity Fund,Regular Plan,GROWTH,39.1,2026-10-06
100063,INF209K01314,INF209K01CL0,Aditya Birla Sun Life MNC Fund,Regular Plan,IDCW,198.05,2026-10-06
147410,INF209KB1O33,INF209KB1O41,Aditya Birla Sun Life Pharma and Healthcare Fund,Direct Plan,IDCW,25.7,2026-10-06
152159,INF209KB16X5,-,Aditya Birla Sun Life Transportation and Logistics Fund,Direct Plan,IDCW,17.21,2026-10-06
152161,INF209KB17X3,-,Aditya Birla Sun Life Transportation and Logistics Fund,Regular Plan,GROWTH,16.53,2026-10-06
152160,INF209KB18X1,-,Aditya Birla Sun Life Transportation and Logistics Fund,Regular Plan,IDCW,16.54,2026-10-06
147929,INF846K01W56,-,Axis ESG Integration Strategy Fund,Regular Plan,Growth Option,20.23,2026-10-06
153075,INF0QA701946,-,Bajaj Finserv Consumption Fund,Direct Plan,Growth,9.202,2026-10-06
153072,INF0QA701979,-,Bajaj Finserv Consumption Fund,Regular Plan,Growth,8.927,2026-10-06
153155,INF0QA701987,-,Bajaj Finserv Healthcare Fund,Regular Plan,Growth,11.432,2026-10-06
153158,INF0QA701995,INF0QA701AA1,Bajaj Finserv Healthcare Fund,Regular Plan,IDCW,11.432,2026-10-06
154093,INF761K01HE4,-,Bank of India Banking & Financial Services Fund,Direct Plan,Growth,9.28,2026-10-06
154095,INF761K01HH7,-,Bank of India Banking & Financial Services Fund,Regular Plan,Growth,9.21,2026-10-06
152791,INF761K01GD8,INF761K01GE6,Bank of India Business Cycle Fund,Regular Plan,IDCW,9.56,2026-10-06
152790,INF761K01GC0,-,Bank of India Business Cycle Fund,Regular Plan,Growth,9.56,2026-10-06
119365,INF761K01728,INF761K01710,BANK OF INDIA MANUFACTURING & INFRASTRUCTURE FUND,Direct Plan,Quarterly IDCW,78.04,2026-10-06
153847,INF251K01VJ6,-,Baroda BNP Paribas Business Conglomerates Fund,Direct Plan,Growth Option,9.5645,2026-10-06
149142,INF955L01KI5,INF955L01KJ3,Baroda BNP Paribas Business Cycle Fund,Regular Plan,IDCW Option,13.0553,2026-10-06
153225,INF251K01UJ8,-,Baroda BNP Paribas Energy Opportunities Fund,Direct Plan,Growth Option,11.4421,2026-10-06
154195,INF251K01VP3,-,Baroda BNP Paribas ESG Best-in-Class Strategy Fund,Direct Plan,Growth Option,9.9444,2026-10-06
153604,INF251K01VA5,-,Baroda BNP Paribas Health and Wellness Fund,Direct Plan,Growth Option,10.6647,2026-10-06
153602,INF251K01UY7,-,Baroda BNP Paribas Health and Wellness Fund,Regular Plan,Growth Option,10.4333,2026-10-06
152696,INF251K01TM4,-,Baroda BNP Paribas Manufacturing Fund,Regular Plan,Growth Option,10.6173,2026-10-06
154107,INF754K01WL3,-,Edelweiss Financial Services Fund,Regular Plan,Growth,9.0035,2026-10-06
142384,INF754K01MI0,INF754K01MJ8,Edelweiss Recently Listed IPO Fund,Regular Plan,IDCW,33.2612,2026-10-06
152437,INF754K01SK3,-,Edelweiss Technology Fund,Direct Plan,Growth,12.968,2026-10-06
152439,INF754K01SG1,-,Edelweiss Technology Fund,Regular Plan,Growth,12.4098,2026-10-06
106978,INF090I01999,INF090I01AA5,Franklin Asian Equity Fund,Regular Plan,IDCW,21.3994,2026-10-06
112093,INF090I01AC1,INF090I01AD9,Franklin Build India Fund,Regular Plan,IDCW,39.0056,2026-10-06
153944,INF090I01YS7,INF090I01YR9,Franklin India Multi-Factor Fund,Direct Plan,IDCW,9.0898,2026-10-06
118538,INF090I01GD6,INF090I01GE4,Franklin India Opportunities Fund,Direct Plan,IDCW,42.514,2026-10-06
103151,INF090I01841,-,Franklin India Opportunities Fund,Regular Plan,Growth,260.3965,2026-10-06
100524,INF090I01858,INF090I01866,Franklin India Opportunities Fund,Regular Plan,IDCW,37.3515,2026-10-06
150806,INF179KC1EC3,INF179KC1ED1,HDFC Business Cycle Fund,Regular Plan,IDCW Option,14.921,2026-10-06
118978,INF179K01WP4,INF179K01WR0,HDFC Infrastructure Fund,Direct Plan,IDCW Option,31.114,2026-10-06
107525,INF179K01GE1,INF179K01GG6,HDFC Infrastructure Fund,Regular Plan,IDCW OPTION,19.511,2026-10-06
152600,INF179KC1II1,-,HDFC Manufacturing Fund,Direct Plan,Growth Option,11.947,2026-10-06
152081,INF179KC1HP8,INF179KC1HQ6,HDFC Pharma and Healthcare Fund,Direct Plan,IDCW Option,21.988,2026-10-06
120244,INF109K013J1,-,ICICI Prudential Banking & Financial Services Fund,Direct Plan,Growth,143.84,2026-10-06
148653,INF109KC1O90,-,ICICI Prudential Business Cycle Fund,Regular Plan,Growth,23.55,2026-10-06
153866,INF109K1A443,INF109K1A435,ICICI Prudential Conglomerate Fund,Direct Plan,IDCW,9.95,2026-10-06
120688,INF109K01W25,-,ICICI Prudential Exports & Services Fund,Direct Plan,Growth,181.41,2026-10-06
120588,INF109K01Y98,INF109K01Z06,ICICI Prudential FMCG Fund,Direct Plan,IDCW,141.79,2026-10-06
145896,INF109KC1RE6,-,ICICI Prudential India Opportunities Fund,Regular Plan,Cumulative,34.78,2026-10-06
145897,INF109KC1RH9,-,ICICI Prudential India Opportunities Fund,Direct Plan,Cumulative,38.29,2026-10-06
103150,INF109K01FB6,INF109K01AT9,ICICI Prudential Infrastructure Fund,Regular Plan,IDCW,27.4,2026-10-06
151579,INF109KC19S9,-,ICICI Prudential Innovation Fund,Regular Plan,Growth,18.79,2026-10-06
145075,INF109KC1LJ8,-,ICICI Prudential Manufacturing Fund,Direct Plan,Cumulative,40.92,2026-10-06
147345,INF109KC1D69,-,ICICI Prudential MNC Fund,Regular Plan,Growth,29.14,2026-10-06
150541,INF109KC13I3,INF109KC14I1,ICICI PRUDENTIAL PSU EQUITY FUND,Direct Plan,IDCW,18.7,2026-10-06
150538,INF109KC19H2,-,ICICI PRUDENTIAL PSU EQUITY FUND,Regular Plan,Growth,20.87,2026-10-06
150540,INF109KC10I9,INF109KC11I7,ICICI PRUDENTIAL PSU EQUITY FUND,Regular Plan,IDCW,17.57,2026-10-06
153458,INF109K1A187,-,ICICI Prudential Quality Fund,Direct Plan,Growth,10.53,2026-10-06
120594,INF109K01Z48,-,ICICI Prudential Technology Fund,Direct Plan,Growth,193.36,2026-10-06
120186,INF109K01Z71,-,ICICI Prudential US Bluechip Equity Fund,Direct Plan,Growth,89.17,2026-10-06
153260,INF00XX01DG1,-,ITI Bharat Consumption Fund,Direct Plan,Growth Option,11.6377,2026-10-06
153262,INF00XX01DE6,INF00XX01DF3,ITI Bharat Consumption Fund,Regular Plan,IDCW Option,10.7063,2026-10-06
154158,INF00XX01DN7,INF00XX01DO5,ITI Business Cycle Fund,Direct Plan,IDCW Option,10.5209,2026-10-06
153753,INF174KA1XA4,-,Kotak Active Momentum Fund,Direct Plan,Growth Option,10.7,2026-10-06
151382,INF174KA1MB5,INF174KA1MC3,Kotak Banking and Financial Services Fund,Regular Plan,IDCW Payout,15.417,2026-10-06
150624,INF174KA1JN6,-,Kotak Business Cycle Fund,Direct Plan,Growth,18.039,2026-10-06
150626,INF174KA1JK2,-,Kotak Business Cycle Fund,Regular Plan,Growth,16.99,2026-10-06
152170,INF174KA1PM5,-,Kotak Consumption Fund,Regular Plan,Growth Option,13.656,2026-10-06
152171,INF174KA1PN3,INF174KA1PO1,Kotak Consumption Fund,Regular Plan,IDCW option,13.654,2026-10-06
153450,INF174KA1WB4,INF174KA1WC2,Kotak Energy Opportunities Fund,Regular Plan,IDCW-Payout & Reinvestment,10.331,2026-10-06
148606,INF174KA1FI4,-,Kotak ESG Exclusionary Strategy Fund,Direct Plan,Growth Option,17.45,2026-10-06
152214,INF174KA1PZ7,-,Kotak Healthcare Fund,Direct Plan,Growth Option,17.633,2026-10-06
152216,INF174KA1PW4,-,Kotak Healthcare Fund,Regular Plan,Growth Option,16.843,2026-10-06
133796,INF178L01095,-,Kotak Infrastructure and Economic Reform Fund,Regular Plan,Growth Option,69.428,2026-10-06
149840,INF174KA1IC1,-,Kotak Manufacture in India Fund,Regular Plan,Growth,22.092,2026-10-06
152913,INF174KA1TJ3,-,Kotak MNC Fund,Regular Plan,Growth,12.378,2026-10-06
147724,INF174KA1EW8,-,Kotak Pioneer Fund,Regular Plan,Growth,35.296,2026-10-06
151881,INF174KA1OL0,-,Kotak Quant Fund,Direct Plan,Growth,14.815,2026-10-06
151880,INF174KA1OM8,INF174KA1ON6,Kotak Quant Fund,Direct Plan,IDCW,14.815,2026-10-06
154150,INF174KA1YW6,INF174KA1YX4,Kotak Services Fund,Direct Plan,IDCW,10.122,2026-10-06
154151,INF174KA1YY2,-,Kotak Services Fund,Regular Plan,Growth,10.036,2026-10-06
152462,INF174KA1QZ5,-,Kotak Technology Fund,Direct Plan,Growth,10.449,2026-10-06
153119,INF174KA1TW6,INF174KA1TX4,Kotak Transportation & Logistics Fund,Regular Plan,IDCW-PAYOUT & REINVESTMENT,11.82,2026-10-06
133908,INF767K01NJ8,INF767K01NL4,LIC MF Banking and Financial Services Fund,Direct Plan,IDCW,23.0678,2026-10-06
134016,INF767K01NH2,-,LIC MF Banking and Financial Services Fund,Regular Plan,Growth,20.2688,2026-10-06
153948,INF767K01SD0,-,LIC MF Consumption Fund,Direct Plan,Growth,9.4214,2026-10-06
153950,INF767K01SA6,-,LIC MF Consumption Fund,Regular Plan,Growth,9.295,2026-10-06
152026,INF397L01LD9,INF397L01LE7,LIC MF Healthcare Fund,Regular Plan,IDCW,32.9177,2026-10-06
153364,INF247L01EP5,-,Motilal Oswal Active Momentum Fund,Direct Plan,Growth,14.6695,2026-10-06
152967,INF247L01DR3,INF247L01DS1,Motilal Oswal Digital India Fund,Regular Plan,Growth,10.457,2026-10-06
154140,INF247L01GO3,INF247L01GP0,Motilal Oswal Financial Services Fund,Direct Plan,Payout/Reinvestment,10.435,2026-10-06
154139,INF247L01GR6,INF247L01GS4,Motilal Oswal Financial Services Fund,Regular Plan,Payout,10.3351,2026-10-06
153483,INF247L01EX9,INF247L01EY7,Motilal Oswal Infrastructure Fund,Direct Plan,Payout/Reinvestment,12.4372,2026-10-06
153485,INF247L01FA4,INF247L01FB2,Motilal Oswal Infrastructure Fund,Regular Plan,Payout/Reinvestment,12.2506,2026-10-06
153259,INF247L01EK6,INF247L01EL4,Motilal Oswal Innovation Opportunities Fund,Direct Plan,Payout/Reinvestment,14.6341,2026-10-06
153558,INF247L01FE6,-,Motilal Oswal Services Fund,Direct Plan,GROWTH,12.0025,2026-10-06
153561,INF247L01FG1,-,Motilal Oswal Services Fund,Regular Plan,GROWTH,11.836,2026-10-06
153752,INF247L01FW8,INF247L01FX6,Motilal Oswal Special Opportunities Fund,Regular Plan,Payout/Reinvestment,12.6833,2026-10-06
152035,INF204KC1BP0,INF204KC1BQ8,Nippon India Innovation Fund,Direct Plan,IDCW Option,15.0684,2026-10-06
118767,INF204K01J18,INF204K01J26,Nippon India Quant Fund,Direct Plan,IDCW Option,43.4523,2026-10-06
151790,INF966L01BY8,INF966L01BZ5,quant BFSI Fund,Direct Plan,IDCW Option,20.702,2026-10-06
151758,INF966L01BU6,-,quant Business Cycle Fund,Regular Plan,Growth Option,15.971,2026-10-06
152256,INF966L01DC0,-,quant Commodities Fund,Regular Plan,Growth Option,14.1242,2026-10-06
151856,INF966L01CH1,INF966L01CI9,quant Healthcare Fund,Regular Plan,IDCW Option,17.8385,2026-10-06
106170,INF966L01523,-,Quant Infrastructure Fund,Regular Plan,Growth Option,40.5567,2026-10-06
152414,INF966L01DR8,INF966L01DS6,quant PSU Fund,Regular Plan,IDCW Option,9.9713,2026-10-06
152069,INF966L01CR0,INF966L01CS8,quant Teck Fund,Regular Plan,IDCW Option,10.691,2026-10-06
119613,INF200K01RZ7,INF200K01SA8,SBI COMMA FUND,Direct Plan,IDCW,70.1436,2026-10-06
146643,INF200KA1A71,-,SBI Equity Minimum Variance Fund,Direct Plan,Growth,23.0654,2026-10-06
119709,INF200K01SE0,-,SBI ESG Exclusionary Strategy Fund,Direct Plan,Growth,251.2001,2026-10-06
119782,INF200K01UN7,INF200K01UO5,SBI HEALTHCARE OPPORTUNITIES FUND,Direct Plan,IDCW,405.8744,2026-10-06
106096,INF200K01CT2,-,SBI INFRASTRUCTURE FUND,Regular Plan,Growth,48.892,2026-10-06
106095,INF200K01CU0,INF200K01CV8,SBI INFRASTRUCTURE FUND,Regular Plan,IDCW,43.4934,2026-10-06
152777,INF200KB1332,INF200KB1340,SBI Innovative Opportunities Fund,Direct Plan,IDCW,10.7541,2026-10-06
119732,INF200K01UY4,-,SBI PSU FUND,Direct Plan,Growth,36.3772,2026-10-06
153151,INF200KB1514,INF200KB1522,SBI Quant Fund,Direct Plan,IDCW,9.1432,2026-10-06
152677,INF903JA1LQ6,-,Sundaram Business Cycle Fund,Direct Plan,GROWTH,11.3744,2026-10-06
152674,INF903JA1LO1,-,Sundaram Business Cycle Fund,Regular Plan,IDCW (Income Distribution CUM Capital Withdrawal),10.9798,2026-10-06
119595,INF903J01NH5,-,Sundaram Consumption Fund (Formerly Known as Sundaram Rural and Consumption Fund),Direct Plan,GROWTH,99.8916,2026-10-06
119597,INF903J01NB8,-,Sundaram Financial Services Opportunities Fund,Direct Plan,GROWTH,119.234,2026-10-06
109058,INF903J01603,INF903J01611,Sundaram Financial Services Opportunities Fund,Regular Plan,IDCW (Income Distribution CUM Capital Withdrawal),27.8695,2026-10-06
153667,INF903JA1LY0,-,Sundaram Multi-Factor Fund,Regular Plan,GROWTH,9.3101,2026-10-06
144835,INF903JA1FA2,-,Sundaram Services Fund,Direct Plan,GROWTH,38.5931,2026-10-06
144838,INF903JA1EX7,-,Sundaram Services Fund,Regular Plan,GROWTH,35.1637,2026-10-06
144834,-,INF903JA1EZ2,Sundaram Services Fund,Regular Plan,IDCW (Income Distribution CUM Capital Withdrawal),20.9031,2026-10-06
135791,-,INF277K01Z02,Tata Banking & Financial Services Fund,Regular Plan,Reinvestment of Income Distribution cum capital withdrawal option,37.1109,2026-10-06
135793,INF277K01Z10,-,Tata Banking & Financial Services Fund,Direct Plan,Growth Option,49.8033,2026-10-06
135794,INF277K01Y86,-,Tata Banking & Financial Services Fund,Regular Plan,Growth Option,42.0342,2026-10-06
149067,-,INF277KA1182,Tata Business Cycle Fund,Direct Plan,IDCW Reinvestment Option,19.5996,2026-10-06
100415,INF277K01956,-,Tata Ethical Fund,Regular Plan,Growth Option,343.8179,2026-10-06
150532,INF277KA1497,-,TATA HOUSING OPPORTUNITIES FUND,Direct Plan,Growth Option,15.3298,2026-10-06
150533,-,INF277KA1505,TATA HOUSING OPPORTUNITIES FUND,Direct Plan,IDCW Reinvestment Option,15.3298,2026-10-06
135803,-,INF277K012A8,Tata India Consumer Fund,Regular Plan,Reinvestment of Income Distribution cum capital withdrawal option,40.5555,2026-10-06
135805,INF277K013A6,-,Tata India Consumer Fund,Direct Plan,Growth Option,53.4591,2026-10-06
153059,INF277KA1CR8,-,Tata India Innovation Fund,Regular Plan,Growth Option,9.7558,2026-10-06
135812,INF277K016A9,-,Tata India Pharma & Healthcare Fund,Regular Plan,Growth Option,32.1,2026-10-06
147869,INF277K015Y1,-,Tata Quant Fund,Direct Plan,Payout of Income Distribution cum capital withdrawal option,0,2025-04-01
147868,INF277K018Y5,-,Tata Quant Fund,Regular Plan,Payout of Income Distribution cum capital withdrawal option,0,2025-04-01
147865,-,INF277K014Y4,Tata Quant Fund,Direct Plan,Reinvestment of Income Distribution cum capital withdrawal option,0,2025-04-01
147866,-,INF277K017Y7,Tata Quant Fund,Regular Plan,Reinvestment of Income Distribution cum capital withdrawal option,0,2025-04-01
147864,INF277K013Y6,-,Tata Quant Fund,Direct Plan,Growth Option,0,2025-04-01
147867,INF277K016Y9,-,Tata Quant Fund,Regular Plan,Growth Option,0,2025-04-01
135814,INF277K013B4,-,Tata Resources & Energy Fund,Regular Plan,Payout of Income Distribution cum capital withdrawal option,41.439,2026-10-06
118878,INF044D01CM4,-,Taurus Ethical Fund,Direct Plan,Bonus,45.2,2026-10-06
105417,INF044D01906,-,Taurus Infrastructure Fund,Regular Plan,Growth,58.89,2026-10-06
153898,INF2F0001206,INF2F0001198,THE WEALTH COMPANY ETHICAL FUND,Direct Plan,IDCW,9.5123,2026-10-06
153896,INF2F0001230,INF2F0001222,THE WEALTH COMPANY ETHICAL FUND,Regular Plan,IDCW,9.3697,2026-10-06
153109,INF582M01KG9,-,Union Active Momentum Fund,Direct Plan,Growth Option,10.33,2026-10-06
153111,INF582M01KC8,-,Union Active Momentum Fund,Regular Plan,Growth Option,10.08,2026-10-06
153112,INF582M01KD6,INF582M01KE4,Union Active Momentum Fund,Regular Plan,IDCW Option,10.08,2026-10-06
154021,INF582M01MI1,INF582M01MJ9,Union Consumption Fund,Direct Plan,IDCW Option,9.67,2026-10-06
151905,INF582M01JE6,-,Union Innovation & Opportunities Fund,Direct Plan,Growth Option,16.45,2026-10-06
151903,INF582M01JA4,-,Union Innovation & Opportunities Fund,Regular Plan,Growth Option,15.73,2026-10-06
120782,INF789F01TO9,-,UTI - Healthcare Fund,Direct Plan,Growth,378.523,2026-10-06
100807,INF789F01695,-,UTI - Healthcare Fund,Regular Plan,Growth,331.8134,2026-10-06
102396,INF789F01737,INF789F01745,UTI - Infrastructure Fund,Regular Plan,IDCW,72.8526,2026-10-06
120681,INF789F01UB4,INF789F01UC2,UTI - MNC Fund,Direct Plan,IDCW,223.7094,2026-10-06
100739,INF789F01828,INF789F01836,UTI - MNC Fund,Regular Plan,IDCW,197.7649,2026-10-06
105804,INF209K01EN2,-,Aditya Birla Sun Life Small Cap Fund,Regular Plan,GROWTH,98.524,2026-10-06
119557,INF209K01WM6,-,Aditya Birla Sun Life Small Cap Fund,Direct Plan,IDCW,73.9215,2026-10-06
153610,INF0QA701BL6,INF0QA701BM4,Bajaj Finserv Small Cap Fund,Regular Plan,IDCW,11.045,2026-10-06
147946,INF194KB1AL4,-,BANDHAN Small Cap Fund,Direct Plan,Growth,56.697,2026-10-06
152129,INF251K01SS3,INF251K01ST1,Baroda BNP Paribas Small Cap Fund,Direct Plan,IDCW Option,14.1839,2026-10-06
152131,INF251K01SP9,INF251K01SQ7,Baroda BNP Paribas Small Cap Fund,Regular Plan,IDCW Option,13.5992,2026-10-06
105989,INF740K01797,-,DSP Small Cap Fund,Regular Plan,Growth,226.734,2026-10-06
118525,INF090I01IQ4,-,Franklin India Small Cap Fund,Direct Plan,Growth,198.7707,2026-10-06
103360,INF090I01569,-,Franklin India Small Cap Fund,Regular Plan,Growth,173.8922,2026-10-06
130502,INF179KA1RZ8,-,HDFC Small Cap Fund,Regular Plan,Growth Option,135.935,2026-10-06
113179,INF204K01IA1,INF204K01IB9,Nippon India Small Cap Fund,Regular Plan,IDCW Option,93.7146,2026-10-06
149031,INF663L01W14,INF663L01W22,PGIM India Small Cap Fund,Direct Plan,Direct IDCW,15.6,2026-10-06
125497,INF200K01T51,-,SBI SMALL CAP FUND,Direct Plan,Growth,208.2586,2026-10-06
119589,INF903J01NK9,-,Sundaram Small Cap Fund,Direct Plan,GROWTH,325.9857,2026-10-06
145209,-,INF277K012O9,Tata Small Cap Fund,Direct Plan,Reinvestment of Income Distribution cum capital withdrawal option,43.9241,2026-10-06
145205,INF277K017O8,-,Tata Small Cap Fund,Regular Plan,Payout of Income Distribution cum capital withdrawal option,38.3239,2026-10-06
154268,INF2F0001503,-,The Wealth Company Small Cap Fund,Regular Plan,Growth,11.722,2026-10-06
152940,INF0GCD01776,-,TRUSTMF SMALL CAP FUND,Regular Plan,Growth,13.51,2026-10-06
119658,INF209K01WP9,INF209K01WR5,Aditya Birla Sun Life Value Fund,Direct Plan,IDCW,75.2479,2026-10-06
118480,INF194K01Z93,INF194K010A2,Bandhan Value Fund,Direct Plan,IDCW,47.449,2026-10-06
108908,INF194K01359,INF194K01367,Bandhan Value Fund,Regular Plan,IDCW,35.753,2026-10-06
151755,INF251K01SD5,-,Baroda BNP Paribas Value Fund,Direct Plan,Growth Option,13.7635,2026-10-06
151747,INF251K01SA1,-,Baroda BNP Paribas Value Fund,Regular Plan,Growth Option,13.1916,2026-10-06
148594,INF740KA1PM0,-,DSP Value Fund,Regular Plan,Growth,22.746,2026-10-05
118493,INF090I01GW6,INF090I01GX4,Templeton India Value Fund,Direct Plan,IDCW,100.7025,2026-10-06
101764,INF179K01426,-,HDFC Value Fund,Regular Plan,Growth Option,768.655,2026-10-06
102595,INF109K01EC7,INF109K01AD3,ICICI Prudential Value Fund (erstwhile Value Discovery Fund),Regular Plan,IDCW,33.14,2026-10-06
148972,INF00XX01AQ6,-,ITI Value Fund,Direct Plan,Growth Option,18.0746,2026-10-06
152016,INF397L01KQ3,-,LIC MF Value Fund,Regular Plan,Growth,28.5231,2026-10-06
149338,INF966L01AO1,INF966L01AP8,Quant Value Fund,Direct Plan,IDCW Option,22.2914,2026-10-06
103490,INF082J01036,-,Quantum Value Fund,Direct Plan,Growth Option,118.58,2026-10-06
141069,INF082J01259,INF082J01267,Quantum Value Fund,Regular Plan,IDCW,111.33,2026-10-06
119549,INF903J01NN3,-,Sundaram Value Fund,Direct Plan,GROWTH,215.7885,2026-10-06
101853,INF903J01538,-,Sundaram Value Fund,Regular Plan,GROWTH,202.389,2026-10-06
112218,INF277K01DI1,INF277K01436,Tata Value Fund,Regular Plan,Payout of IDCW Option,127.0896,2026-10-06
119231,INF277K01ND1,-,Tata Value Fund,Direct Plan,Growth Option,389.3476,2026-10-06
145471,INF582M01EO6,-,Union Value Fund,Regular Plan,Growth Option,27.57,2026-10-06
154600,INF194KB1KX8,-,Bandhan Contra Fund,Direct Plan,Growth,9.6683,2026-10-06
120349,INF205K01LC8,INF205K01LD6,Invesco India Contra Fund,Direct Plan,IDCW,64.06,2026-10-06
105460,INF205K01189,-,Invesco India Contra Fund,Regular Plan,Growth,129.5,2026-10-06
120750,INF789F01SU8,INF789F01SV6,UTI - Dividend Yield Fund,Direct Plan,IDCW,38.3008,2026-10-06
154555,INF03VN01AL6,INF03VN01AM4,WhiteOak Capital Dividend Yield Fund,Regular Plan,IDCW Option,9.978,2026-10-06
153202,INF0QA701AI4,-,Bajaj Finserv ELSS - Tax Saver Fund,Regular Plan,Growth,11.181,2026-10-06
118472,INF194K01Y37,INF194K01Y45,BANDHAN ELSS - Tax Saver Fund,Direct Plan,IDCW,40.256,2026-10-06
111570,INF194K01300,INF194K01318,BANDHAN ELSS - Tax Saver Fund,Regular Plan,IDCW,30.188,2026-10-06
119242,INF740K01OK1,-,DSP ELSS Tax Saver Fund,Direct Plan,Growth,148.195,2026-10-06
104773,INF740K01169,INF740K01177,DSP ELSS Tax Saver Fund,Regular Plan,IDCW,20.439,2026-10-06
119060,INF179K01YS4,-,HDFC ELSS - Tax Saver Fund,Direct Plan,Growth Option,1423.241,2026-10-06
101979,INF179K01BB8,-,HDFC ELSS - Tax Saver Fund,Regular Plan,Growth Option,1308.401,2026-10-06
119059,INF179K01YQ8,INF179K01YR6,HDFC ELSS - Tax Saver Fund,Direct Plan,IDCW Option,88.962,2026-10-06
151078,INF917K01GP0,-,HSBC ELSS Tax saver Fund,Direct Plan,Growth,151.5873,2026-10-06
151076,INF677K01064,-,HSBC ELSS Tax saver Fund,Regular Plan,Growth,137.8038,2026-10-06
120593,INF109K01Y15,INF109K01Y23,ICICI Prudential ELSS - Tax Saver Fund,Direct Plan,IDCW,42.38,2026-10-06
100353,INF109K01FN1,INF109K01472,ICICI Prudential ELSS - Tax Saver Fund,Regular Plan,IDCW,19.74,2026-10-06
120417,INF205K01NR2,-,Invesco India ELSS Tax Saver Fund,Direct Plan,IDCW,32,2026-10-06
107287,INF192K01643,-,JM ELSS - Tax Saver Fund,Regular Plan,IDCW Option,50.9391,2026-10-06
139780,INF174V01085,-,Mahindra Manulife ELSS Tax Saver Fund,Regular Plan,IDCW,15.4729,2026-10-06
135781,INF769K01DM9,-,Mirae Asset ELSS Tax Saver Fund,Direct Plan,Growth,54.824,2026-10-06
103197,INF204K01GL2,INF204K01GM0,Nippon India ELSS Tax Saver Fund,Regular Plan,IDCW Option,32.8546,2026-10-06
103196,INF204K01GK4,-,Nippon India ELSS Tax Saver Fund,Regular Plan,Growth Option,126.4875,2026-10-06
151609,INF0J8L01099,-,NJ ELSS Tax Saver Fund,Regular Plan,Growth Option,13.5,2026-10-06
151610,INF0J8L01107,-,NJ ELSS Tax Saver Fund,Regular Plan,IDCW Payout Option,13.5,2026-10-06
150839,INF0K1H01057,-,Samco ELSS Tax Saver Fund,Regular Plan,Growth,13.15,2026-10-06
119281,INF277K01I94,-,Tata ELSS - Tax Saver Fund,Direct Plan,Payout of IDCW Option,226.0685,2026-10-06
100474,INF277K01I60,-,Tata ELSS - Tax Saver Fund,Regular Plan,Payout of IDCW Option,92.2291,2026-10-06
150587,INF03VN01621,-,WhiteOak Capital ELSS Tax Saver Fund,Direct Plan,Growth Option,18.717,2026-10-06
150589,INF03VN01647,-,WhiteOak Capital ELSS Tax Saver Fund,Regular Plan,Growth Option,17.489,2026-10-06
141927,INF846K01B51,-,Axis Flexi Cap Fund,Regular Plan,Growth Option,27.49,2026-10-06
141928,INF846K01B36,INF846K01B44,Axis Flexi Cap Fund,Regular Plan,IDCW Option,17.18,2026-10-06
118275,INF760K01EF0,-,Canara Robeco Flexi Cap Fund,Direct Plan,GROWTH OPTION,373.46,2026-10-06
149765,INF205KA1486,INF205KA1502,Invesco India Flexi Cap Fund,Direct Plan,IDCW,18.02,2026-10-06
154641,INF22M001325,-,JioBlackRock Flexi Cap Fund,Regular Plan,Growth Option,9.493,2026-10-06
112089,INF174K01351,INF174K01344,Kotak Flexi Cap Fund,Regular Plan,Payout of Income Distribution cum capital withdrawal option- Direct,49.258,2026-10-06
120165,INF174K01LQ6,INF174K01LR4,Kotak Flexi Cap Fund,Direct Plan,Payout of Income Distribution cum capital withdrawal option- Direct,56.696,2026-10-06
151917,INF0J8L01156,-,NJ Flexi Cap Fund,Direct Plan,Growth Option,13.12,2026-10-06
131580,INF579M01902,-,360 ONE Focused Fund,Direct Plan,GROWTH Option,54.8835,2026-10-06
117559,INF846K01CI5,INF846K01CJ3,Axis Focused Fund,Regular Plan,IDCW Option,17.65,2026-10-06
148411,INF336L01PB2,-,HSBC Focused Fund,Direct Plan,Growth,28.8794,2026-10-06
148409,INF336L01PE6,-,HSBC Focused Fund,Regular Plan,Growth,26.5451,2026-10-06
120723,INF109K016N6,INF109K017N4,ICICI Prudential Focused Fund,Direct Plan,IDCW,59.26,2026-10-06
147205,INF769K01ET2,INF769K01EW6,Mirae Asset Focused Fund,Direct Plan,IDCW,24.977,2026-10-06
149090,INF789F1AUY5,-,UTI Focused Fund (30 stocks),Regular Plan,Growth,14.7748,2026-10-06
145112,INF846K01J79,-,Axis Large & Mid Cap Fund,Regular Plan,Growth Option,34.04,2026-10-06
118278,INF760K01EI4,-,Canara Robeco Large and Mid Cap Fund,Direct Plan,GROWTH OPTION,284.61,2026-10-06
130496,INF179KA1RT1,-,HDFC Large & Mid Cap Fund,Regular Plan,Growth Option,332.617,2026-10-06
152943,INF0R8701236,-,Helios Large & Mid Cap Fund,Regular Plan,Growth,10.96,2026-10-06
146772,INF336L01NV5,-,HSBC Large & Mid Cap Fund,Direct Plan,Growth,32.2762,2026-10-06
146769,INF336L01NZ6,INF336L01OA7,HSBC Large & Mid Cap Fund,Regular Plan,IDCW,20.1836,2026-10-06
120357,INF205K01MA0,-,Invesco India Large & Mid Cap Fund,Direct Plan,Growth,127.9,2026-10-06
153629,INF192K01NK7,-,JM Large & Mid Cap Fund,Direct Plan,Growth Option,10.5104,2026-10-06
103233,INF174K01203,INF174K01195,Kotak Large & Mid Cap Fund,Regular Plan,IDCW,58.761,2026-10-06
118834,INF769K01BI1,-,Mirae Asset Large & Midcap Fund,Direct Plan,Growth,170.118,2026-10-06
153534,INF0K1H01271,-,Samco Large & Mid Cap Fund,Direct Plan,Growth,8.8,2026-10-06
116547,INF666M01162,-,Groww Large Cap Fund,Regular Plan,Growth,40.93,2026-10-06
116548,INF666M01188,INF666M01170,Groww Large Cap Fund,Regular Plan,Income Distribution cum capital withdrawal,23.06,2026-10-06
120392,INF205K01LB0,-,Invesco India Large Cap Fund,Direct Plan,Growth,84.15,2026-10-06
112098,INF205K01304,-,Invesco India Large Cap Fund,Regular Plan,Growth,69.04,2026-10-06
154307,INF22M001176,-,JioBlackRock Large Cap Fund,Direct Plan,Growth Option,9.4656,2026-10-06
134958,INF192K01JU4,INF192K01JV2,JM Large Cap Fund,Direct Plan,Annual IDCW Option,70.533,2026-10-06
134956,INF192K01JJ7,INF192K01JK5,JM Large Cap Fund,Direct Plan,Monthly IDCW Option,69.8939,2026-10-06
118825,INF769K01AX2,-,Mirae Asset Large Cap Fund,Direct Plan,Growth,121.868,2026-10-06
150800,INF03VN01670,INF03VN01688,WhiteOak Capital Large Cap Fund,Regular Plan,IDCW Option,14.257,2026-10-06
150817,INF760K01KI1,-,Canara Robeco Mid Cap Fund,Direct Plan,Growth Option,18.89,2026-10-06
120380,INF109K019M2,INF109K010N9,ICICI Prudential Mid Cap Fund,Direct Plan,IDCW,68.76,2026-10-06
102528,INF109K01AN2,-,ICICI Prudential Mid Cap Fund,Regular Plan,Growth,328.1,2026-10-06
102529,INF109K01EH6,INF109K01AL6,ICICI Prudential Mid Cap Fund,Regular Plan,IDCW,42.52,2026-10-06
105504,INF205K01BD7,INF205K01BE5,Invesco India Mid Cap Fund,Regular Plan,IDCW,59.46,2026-10-06
150815,INF192K01MV6,-,JM Mid Cap Fund,Direct Plan,Growth Option,22.0823,2026-10-06
119774,INF174K01LU8,INF174K01LV6,Kotak Mid Cap Fund,Direct Plan,IDCW - Payout & Re-investment of Income Distribution cum capital withdrawal option,96.314,2026-10-06
142110,INF174V01507,-,Mahindra Manulife Mid Cap Fund,Direct Plan,Growth,39.3627,2026-10-06
147479,INF769K01EY2,-,Mirae Asset Midcap Fund,Regular Plan,Growth,38.275,2026-10-06
147480,INF769K01EX4,INF769K01FB7,Mirae Asset Midcap Fund,Regular Plan,IDCW,24.996,2026-10-06
150583,INF03VN01563,-,WhiteOak Capital Mid Cap Fund,Regular Plan,Growth Option,21.346,2026-10-06
149384,INF846K014E8,INF846K015E5,Axis Multicap Fund,Direct Plan,IDCW Option,19.49,2026-10-06
120598,INF109K012O3,INF109K013O1,ICICI Prudential Multi Cap Fund,Direct Plan,IDCW,61.93,2026-10-06
101228,INF109K01613,-,ICICI Prudential Multi Cap Fund,Regular Plan,Growth,822.37,2026-10-06
107353,INF205K01DN2,-,Invesco India Multi Cap Fund,Regular Plan,Growth,127.9,2026-10-06
149185,INF174KA1HV3,-,Kotak Multi Cap Fund,Direct Plan,Growth,21.197,2026-10-06
149182,INF174KA1HS9,-,Kotak Multi Cap Fund,Regular Plan,Growth,19.758,2026-10-06
141223,INF174V01366,INF174V01358,Mahindra Manulife Multi Cap Fund,Direct Plan,IDCW,32.3111,2026-10-06
141224,INF174V01317,-,Mahindra Manulife Multi Cap Fund,Regular Plan,Growth,38.2822,2026-10-06
151810,INF769K01KK8,-,Mirae Asset Multicap Fund,Direct Plan,Growth,14.915,2026-10-06
101161,INF204K01489,-,Nippon India Multi Cap Fund,Regular Plan,Growth Option,289.5763,2026-10-06
152847,INF0K1H01198,-,Samco Multi Cap Fund,Direct Plan,Growth,9.21,2026-10-06
154664,INF2F0001685,-,The Wealth Company Multi Cap Fund,Regular Plan,Growth,9.7804,2026-10-06
154666,INF2F0001727,INF2F0001735,The Wealth Company Multi Cap Fund,Direct Plan,IDCW,9.7911,2026-10-06
150719,INF194KB1EC5,INF194KB1ED3,BANDHAN TRANSPORTATION AND LOGISTICS FUND,Direct Plan,IDCW,20.579,2026-10-06
145454,INF740KA1LG1,-,DSP Healthcare Fund,Direct Plan,Growth,50.138,2026-10-06
145455,INF740KA1LH9,INF740KA1LI7,DSP Healthcare Fund,Direct Plan,IDCW,28.994,2026-10-06
145453,INF740KA1LE6,INF740KA1LF3,DSP Healthcare Fund,Regular Plan,IDCW,25.895,2026-10-06
152276,INF666M01HQ5,INF666M01HR3,Groww Banking & Financial Services Fund,Regular Plan,Income Distribution cum capital withdrawal,12.5468,2026-10-06
152682,INF0R8701178,-,Helios Financial Services Fund,Regular Plan,Growth,11.06,2026-10-06
120385,INF205K01KY4,-,Invesco India Financial Services Fund,Direct Plan,Growth,170.23,2026-10-06
154544,INF205KA1BV9,INF205KA1BW7,Invesco India Pharma and Healthcare Fund,Regular Plan,IDCW,9.45,2026-10-06
118591,INF204K01XM5,INF204K01XN3,Nippon India Banking & Financial Services Fund,Direct Plan,IDCW Option,98.6419,2026-10-06
101863,INF204K01919,-,Nippon India Banking & Financial Services Fund,Regular Plan,Bonus Option,615.1366,2026-10-06
118756,INF204K01I35,INF204K01I43,Nippon India Pharma Fund,Direct Plan,IDCW Option,171.7931,2026-10-06
118758,INF204K01I27,-,Nippon India Pharma Fund,Direct Plan,Bonus Option,627.7179,2026-10-06
118759,INF204K01I50,-,Nippon India Pharma Fund,Direct Plan,Growth Option,627.7179,2026-10-06
102431,INF204K01968,-,Nippon India Pharma Fund,Regular Plan,Growth Option,557.5548,2026-10-06
118763,INF204K01I92,-,Nippon India Power & Infra Fund,Direct Plan,Growth Option,405.3828,2026-10-06
152915,INF03VN01936,-,WhiteOak Capital Digital Bharat Fund,Direct Plan,Growth Option,10.055,2026-10-06
152348,INF03VN01878,-,WhiteOak Capital Pharma and Healthcare Fund,Regular Plan,Growth Option,16.512,2026-10-06
125350,INF846K01K01,-,Axis Small Cap Fund,Regular Plan,Growth Option,114.68,2026-10-06
154103,INF666M01NN0,INF666M01NO8,Groww Small Cap Fund,Regular Plan,Income Distribution cum capital withdrawal,12.8458,2026-10-06
153911,INF0R8701368,INF0R8701376,Helios Small Cap Fund,Regular Plan,IDCW,11.3,2026-10-06
120870,INF109K013M5,INF109K014M3,ICICI Prudential Small Cap Fund,Direct Plan,IDCW,71.41,2026-10-06
106823,INF109K01BI0,-,ICICI Prudential Small Cap Fund,Regular Plan,Growth,90.81,2026-10-06
148619,INF789F1AUR9,-,UTI Small Cap Fund,Direct Plan,IDCW,29.1427,2026-10-06
148617,INF789F1AUO6,-,UTI Small Cap Fund,Regular Plan,Growth,26.7197,2026-10-06
148616,INF789F1AUP3,-,UTI Small Cap Fund,Regular Plan,IDCW,26.7195,2026-10-06
149319,INF579M01AJ0,INF579M01AK8,360 ONE QUANT FUND,Direct Plan,IDCW Option,19.14,2026-10-06
152805,INF846K013X0,-,Axis Consumption Fund,Direct Plan,Growth Option,9.02,2026-10-06
152202,INF846K016S3,-,Axis India Manufacturing Fund,Direct Plan,Growth Option,16.48,2026-10-06
152878,INF194KB1IQ6,-,Bandhan Business Cycle Fund,Direct Plan,Growth,9.753,2026-10-06
152607,INF194KB1IE2,-,BANDHAN INNOVATION FUND,Direct Plan,Growth,16.008,2026-10-06
152605,INF194KB1IC6,INF194KB1ID4,BANDHAN INNOVATION FUND,Regular Plan,IDCW,14.48,2026-10-06
153721,INF194KB1JU6,-,Bandhan Multi-Factor Fund,Regular Plan,Growth,9.072,2026-10-06
153723,INF194KB1JV4,INF194KB1JW2,Bandhan Multi-Factor Fund,Regular Plan,IDCW,9.072,2026-10-06
118267,INF760K01FO9,-,Canara Robeco Infrastructure Fund,Direct Plan,GROWTH OPTION,183.68,2026-10-06
152449,INF760K01KY8,INF760K01KX0,Canara Robeco Manufacturing Fund,Direct Plan,IDWC Option,14.28,2026-10-06
152448,INF760K01KW2,INF760K01KV4,Canara Robeco Manufacturing Fund,Regular Plan,IDWC Option,13.78,2026-10-06
153121,INF740KA1UX7,-,DSP Business Cycle Fund,Direct Plan,Growth,10.129,2026-10-06
153123,INF740KA1UV1,INF740KA1UW9,DSP Business Cycle Fund,Direct Plan,IDCW,10.129,2026-10-06
119247,INF740K01PU7,-,DSP India T.I.G.E.R. Fund,Direct Plan,Growth,384.782,2026-10-06
119029,INF740K01QB5,INF740K01QC3,DSP Natural Resources And New Energy Fund,Direct Plan,IDCW,37.295,2026-10-06
108203,INF740K01045,INF740K01052,DSP Natural Resources And New Energy Fund,Regular Plan,IDCW,30.715,2026-10-06
147305,INF740KA1NO1,INF740KA1NP8,DSP Quant Fund,Regular Plan,IDCW,15.358,2026-10-06
152059,INF179KC1HI3,-,HDFC Technology Fund,Direct Plan,Growth Option,11.656,2026-10-06
153267,INF336L01RR4,-,HSBC Financial Services fund,Regular Plan,Growth,11.9555,2026-10-06
152830,INF336L01RL7,-,HSBC India Export Opportunities Fund,Regular Plan,Growth,11.6207,2026-10-06
143874,INF109KC1GH2,-,ICICI Prudential Healthcare Fund,Direct Plan,Cumulative,45.99,2026-10-06
153902,INF205KA1BF2,-,Invesco India Consumption Fund,Regular Plan,Growth,10.76,2026-10-06
152756,INF205KA1908,-,Invesco India Manufacturing Fund,Direct Plan,Growth,12.06,2026-10-06
154082,INF22M001168,-,JioBlackRock Sector Rotation Fund,Direct Plan,Growth Option,9.5554,2026-10-06
152047,INF174V01BO9,INF174V01BP6,Mahindra Manulife Business Cycle Fund,Regular Plan,IDCW,12.8244,2026-10-06
154120,INF174V01CX8,-,Mahindra Manulife Innovation Opportunities Fund,Regular Plan,Growth,10.5591,2026-10-06
114930,INF769K01150,INF769K01143,Mirae Asset Great Consumer Fund,Regular Plan,IDCW,25.068,2026-10-06
143783,INF769K01ED6,-,Mirae Asset Healthcare Fund,Direct Plan,Growth,51.152,2026-10-06
143784,INF769K01EE4,INF769K01EF1,Mirae Asset Healthcare Fund,Direct Plan,IDCW,30.809,2026-10-06
153986,INF769K01PU6,INF769K01PT8,Mirae Asset Infrastructure Fund,Regular Plan,IDCW,11.245,2026-10-06
153274,INF204KC1EK5,-,Nippon India Active Momentum Fund,Direct Plan,Growth Option,12.5697,2026-10-06
153691,INF204KC1FO4,-,Nippon India MNC Fund,Regular Plan,Growth Option,10.1284,2026-10-06
134923,INF204KA15G5,-,Nippon India US Equity Opportunities Fund,Direct Plan,Growth Option,48.8808,2026-10-06
153037,INF663L01Z60,INF663L01Z78,PGIM India Healthcare Fund,Direct Plan,Direct IDCW,12.23,2026-10-06
120781,INF789F01VG1,INF789F01VH9,UTI - India Consumer Fund,Direct Plan,IDCW,52.3068,2026-10-06
106426,INF789F01CF3,INF789F01CG1,UTI - India Consumer Fund,Regular Plan,IDCW,47.639,2026-10-06
152962,INF03VN01951,-,WhiteOak Capital ESG Best-In-Class Strategy Fund,Direct Plan,Growth Option,9.931,2026-10-06
152644,INF03VN01902,-,WhiteOak Capital Special Opportunities Fund,Direct Plan,Growth Option,14.846,2026-10-06
149165,INF846K014C2,INF846K015C9,Axis Value Fund,Regular Plan,IDCW Option,16.37,2026-10-06
154693,INF761K01HK1,-,BANK OF INDIA VALUE FUND,Direct Plan,Growth,10.08,2026-10-06
154695,INF761K01HN5,-,BANK OF INDIA VALUE FUND,Regular Plan,Growth,10.07,2026-10-06
149085,INF760K01JW4,-,Canara Robeco Value Fund,Direct Plan,Growth Option,18.52,2026-10-06
149086,INF760K01JY0,INF760K01JX2,Canara Robeco Value Fund,Direct Plan,IDCW (Payout/Reinvestment),16.54,2026-10-06
135344,INF666M01BI5,INF666M01BJ3,Groww Value Fund,Regular Plan,Income Distribution cum capital withdrawal,26.5087,2026-10-06
151112,INF917K01HC6,INF917K01HB8,HSBC Value Fund,Direct Plan,IDCW,61.4429,2026-10-06
100254,INF137A01037,-,JM Value Fund,Regular Plan,Growth Option,95.2966,2026-10-06
153302,INF174V01CH1,INF174V01CG3,Mahindra Manulife Value Fund,Regular Plan,IDCW,12.0281,2026-10-06
120751,INF789F01VB2,-,UTI Value Fund,Direct Plan,Growth,174.0875,2026-10-06
154504,-,-,HDFC Nifty Metal ETF,,Growth Option,125.9747,2026-10-06
154537,INF205KA1CA1,-,Invesco India BSE Sensex ETF,Regular Plan,Growth,73.1136,2026-10-06
154299,INF769K01QV2,-,Mirae Asset Nifty 500 Value 50 ETF,,,15.261,2026-10-06
154366,INF579M01BP5,-,360 ONE MSCI India ETF,Direct Plan,GROWTH Option,9.5895,2026-10-06
154034,INF666M01NI0,-,Groww Nifty Metal ETF,,,12.0413,2026-10-06
153415,INF579M01BC3,-,360 ONE Silver ETF,Direct Plan,GROWTH Option,217.0119,2026-10-06
149784,INF209KB14F7,INF209KB15F4,Aditya Birla Sun Life Silver ETF FOF,Regular Plan,IDCW,33.5348,2026-10-06
154565,INF2VOA01137,-,ALPHAGREP LIQUID OMNI FOF,Direct Plan,Growth,1009.8956,2026-10-06
115897,INF846K01AL3,-,Axis Gold Fund,Regular Plan,Growth Option,42.4038,2026-10-06
147894,INF846K01U74,INF846K01U82,Axis Income Plus Arbitrage Omni FOF,Direct Plan,Half Yearly Dividend Option,11.4576,2026-10-06
147891,INF846K01U90,INF846K01V08,Axis Income Plus Arbitrage Omni FOF,Direct Plan,IDCW Option,15.7814,2026-10-06
147888,INF846K01W07,INF846K01W15,Axis Income Plus Arbitrage Omni FOF,Regular Plan,IDCW Option,15.4264,2026-10-06
153927,INF846KA1275,-,Axis Income Plus Arbitrage Passive FOF,Regular Plan,Growth Option,10.5424,2026-10-06
149845,INF846K015G0,INF846K016G8,Axis Multi Factor Passive FoF,Regular Plan,IDCW Option,14.6561,2026-10-06
150618,INF846K019J6,INF846K010K3,Axis Silver Fund of Fund,Regular Plan,IDCW Option,37.0542,2026-10-06
150615,INF846K015J4,-,Axis Silver Fund of Fund,Direct Plan,Growth Option,37.8363,2026-10-06
153795,INF251K01VF4,-,Baroda BNP Paribas Gold ETF Fund of Fund,Direct Plan,Growth Option,14.6075,2026-10-06
153550,INF251K01UP5,INF251K01UQ3,Baroda BNP Paribas Multi Asset Active Fund of Funds,Direct Plan,IDCW Option,11.336,2026-10-06
153747,INF666M01LR5,INF666M01LS3,Groww BSE Power ETF FOF,Regular Plan,Income Distribution cum capital withdrawal,11.1329,2026-10-06
153005,INF666M01JB3,INF666M01JC1,Groww Gold ETF FOF,Regular Plan,Income Distribution cum capital withdrawal,17.9052,2026-10-06
154028,INF666M01NC3,-,Groww Multi Asset Omni FOF,Direct Plan,Growth,10.1775,2026-10-06
153328,INF666M01JQ1,-,Groww Nifty 200 ETF FOF,Direct Plan,Growth,11.0351,2026-10-06
153453,INF666M01JX7,-,Groww Nifty 500 Momentum 50 ETF FOF,Direct Plan,Growth,10.6079,2026-10-06
153456,INF666M01KC9,-,Groww Nifty 500 Momentum 50 ETF FOF,Regular Plan,Growth,10.5398,2026-10-06
153917,INF666M01MH4,INF666M01MI2,Groww Nifty Capital Markets ETF FOF,Direct Plan,Income Distribution cum capital withdrawal,11.2815,2026-10-06
153918,INF666M01MJ0,-,Groww Nifty Capital Markets ETF FOF,Regular Plan,Growth,11.2369,2026-10-06
152772,INF666M01IJ8,INF666M01IK6,Groww Nifty EV & New Age Automotive ETF FOF,Regular Plan,Income Distribution cum capital withdrawal,9.2008,2026-10-06
152928,INF666M01IU5,INF666M01IV3,Groww Nifty India Defence ETF FOF,Regular Plan,Income Distribution cum capital withdrawal,13.7249,2026-10-06
154174,INF666M01NV3,INF666M01NW1,Groww Nifty PSE ETF FOF,Regular Plan,Income Distribution cum capital withdrawal,9.0775,2026-10-06
129201,INF336L01IB7,INF336L01IC5,HSBC Aggressive Hybrid Active FOF (erstwhile HSBC Managed Solutions India - Growth fund),Direct Plan,IDCW,32.3484,2026-10-06
154297,INF336L01SD2,INF336L01SC4,HSBC Gold ETF Fund of Fund,Direct Plan,IDCW,10.1108,2026-10-06
129195,INF336L01IM4,-,HSBC Income Plus Arbitrage Active FOF (erstwhile HSBC Managed Solution India - Conservative Plan),Regular Plan,Growth,22.7681,2026-10-06
129196,INF336L01IK8,INF336L01IL6,HSBC Income Plus Arbitrage Active FOF (erstwhile HSBC Managed Solution India - Conservative Plan),Regular Plan,IDCW,16.4091,2026-10-06
129193,INF336L01IJ0,-,HSBC Multi Asset Active FOF (erstwhile HSBC Managed Solutions India - Moderate Fund),Direct Plan,Growth,43.8754,2026-10-06
153698,INF205KA1BB1,INF205KA1BC9,Invesco India Income Plus Arbitrage Active Fund of Fund,Direct Plan,IDCW,1063.9023,2026-10-06
153696,INF205KA1AY5,INF205KA1AZ2,Invesco India Income Plus Arbitrage Active Fund of Fund,Regular Plan,IDCW,1058.9883,2026-10-06
154316,INF174KA1ZO0,-,Kotak Multi Asset Active FOF,Direct Plan,Growth,9.973,2026-10-06
154731,INF174KA1F73,-,Kotak Multi Sector Omni FOF,Regular Plan,Growth,10.016,2026-10-06
154007,INF174V01CU4,-,Mahindra Manulife Income Plus Arbitrage Active FOF,Direct Plan,Growth,10.4871,2026-10-06
154006,INF174V01CR0,-,Mahindra Manulife Income Plus Arbitrage Active FOF,Regular Plan,Growth,10.4428,2026-10-06
153380,INF769K01OE3,-,Mirae Asset BSE 200 Equal Weight ETF Fund of Fund,Direct Plan,Growth,11.219,2026-10-06
154187,INF769K01QG3,-,Mirae Asset BSE India Defence ETF FOF,Direct Plan,Growth,11.555,2026-10-06
154189,INF769K01QD0,-,Mirae Asset BSE India Defence ETF FOF,Regular Plan,Growth,11.512,2026-10-06
154473,INF769K01QW0,-,Mirae Asset BSE Midcap 150 Momentum 30 ETF FOF,Regular Plan,Growth,10.176,2026-10-06
153388,INF769K01OJ2,INF769K01OI4,Mirae Asset BSE Select IPO ETF Fund of Fund,Regular Plan,IDCW,11.347,2026-10-06
153814,INF769K01PP6,-,Mirae Asset Gold Silver Passive FoF,Regular Plan,Growth,16.201,2026-10-06
149380,INF769K01HT5,-,Mirae Asset Hang Seng TECH ETF Fund of Fund,Regular Plan,Growth,11.284,2026-10-06
153639,INF769K01PA8,INF769K01OZ8,Mirae Asset Income plus Arbitrage Active FOF,Direct Plan,IDCW,10.665,2026-10-06
153816,INF769K01PH3,-,Mirae Asset Multi Factor Passive FOF,Direct Plan,Growth,10.42,2026-10-06
148576,INF769K01GN0,-,Mirae Asset Nifty 100 ESG Sector Leaders Fund of Fund,Regular Plan,Growth,16.841,2026-10-06
153194,INF769K01NM8,-,Mirae Asset Nifty India New Age Consumption ETF Fund of Fund,Regular Plan,Growth,9.235,2026-10-06
152645,INF769K01LN0,-,Mirae Asset Nifty MidSmallcap400 Momentum Quality 100 ETF Fund of Fund,Direct Plan,Growth,10.152,2026-10-06
152457,INF769K01LD1,-,Mirae Asset Nifty Smallcap 250 Momentum Quality 100 ETF Fund of Fund,Regular Plan,Growth,10.565,2026-10-06
152458,INF769K01LE9,INF769K01LF6,Mirae Asset Nifty Smallcap 250 Momentum Quality 100 ETF Fund of Fund,Regular Plan,IDCW,10.567,2026-10-06
148929,INF769K01HG2,-,Mirae Asset NYSE FANG + ETF Fund of Fund,Regular Plan,Growth,57.406,2026-10-06
154660,INF966L01EN5,INF966L01EO3,quant Income Plus Arbitrage Active FOF,Regular Plan,IDCW Option,10.0485,2026-10-06
154726,-,INF680P01695,Shriram Gold ETF Passive FOF,Direct Plan,IDCWREINVESTMENT,10.0329,2026-10-06
154410,INF277KA1EX2,-,Tata Multi Sector Passive FOF,Direct Plan,IDCW Payout Option,9.4627,2026-10-06
154408,-,INF277KA1EW4,Tata Multi Sector Passive FOF,Direct Plan,IDCW Reinvestment Option,9.4627,2026-10-06
154407,-,INF277KA1ET0,Tata Multi Sector Passive FOF,Regular Plan,IDCW Reinvestment Option,9.4525,2026-10-06
153441,INF789F1AB63,-,UTI Income Plus Arbitrage Active Fund of Fund,Regular Plan,Growth,10.8622,2026-10-06
151731,INF789F1AYL4,-,UTI Silver ETF Fund of Fund,Direct Plan,Growth,28.1615,2026-10-06
151732,INF789F1AYM2,-,UTI Silver ETF Fund of Fund,Regular Plan,Growth,27.8121,2026-10-06
120610,INF109K019D1,INF109K010E8,ICICI Prudential Gilt Fund Treasury Plan PF Option,,,13.334,2018-05-25
103028,INF109K01DZ0,INF109K01AO0,ICICI Prudential Blended Plan A,,,13.5898,2016-04-22
120310,INF109K015C1,-,ICICI Prudential Blended Plan A,,,23.0933,2016-04-22
140381,INF194KA1U15,-,Bandhan Aggressive Hybrid Fund,Regular Plan,Growth,27.315,2026-10-06
119020,INF740K01NZ1,INF740K01OA2,DSP Aggressive Hybrid Fund,Direct Plan,IDCW,67.809,2026-10-06
112108,INF754K01202,-,Edelweiss Aggressive Hybrid Fund,Regular Plan,Growth,63.32,2026-10-06
120260,INF767K01EC2,INF767K01EE8,LIC MF Aggressive Hybrid Fund,Direct Plan,IDCW,22.6051,2026-10-06
143197,INF959L01DL6,INF959L01DM4,Navi Aggressive Hybrid Fund,Regular Plan,Monthly IDCW,21.9848,2026-10-06
143199,INF959L01DN2,INF959L01DO0,Navi Aggressive Hybrid Fund,Regular Plan,Quarterly IDCW,21.9855,2026-10-06
138386,INF663L01GX2,-,PGIM India Aggressive Hybrid Equity Fund,Direct Plan,Direct Growth,151.59,2026-10-06
139820,INF663L01OA4,INF663L01OB2,PGIM India Aggressive Hybrid Equity Fund,Direct Plan,Direct IDCW,23.85,2026-10-06
101069,INF966L01242,INF966L01259,Quant Aggressive Hybrid Fund,Regular Plan,IDCW Option,62.2427,2026-10-06
149602,INF173K01FB2,INF173K01FC0,Sundaram Aggressive Hybrid Fund (Formerly Known as Principal Hybrid Equity Fund),Direct Plan,Monthly IDCW (Income Distribution CUM Capital Withdrawal),37.0325,2026-10-06
119058,INF277K01ML6,INF277K01MM4,Tata Aggressive Hybrid Fund,Direct Plan,Periodic Payout of IDCW Option,94.4219,2026-10-06
148592,INF582M01GY0,-,Union Aggressive Hybrid Fund,Direct Plan,Growth Option,19.46,2026-10-06
120674,INF789F01SK9,-,UTI Aggressive Hybrid Fund,Direct Plan,Growth,425.2707,2026-10-06
119526,INF209K01VP1,-,ADITYA BIRLA SUN LIFE ARBITRAGE FUND,Direct Plan,GROWTH,31.0684,2026-10-06
119525,INF209K01P80,INF209K01VQ9,ADITYA BIRLA SUN LIFE ARBITRAGE FUND,Direct Plan,IDCW-Re-investment,11.4807,2026-10-06
152079,INF0QA701508,INF0QA701516,Bajaj Finserv Arbitrage Fund,Regular Plan,IDCW,12.051,2026-10-06
108847,INF194K01656,INF194K01664,BANDHAN Arbitrage Fund,Regular Plan,Monthly IDCW,10.6978,2026-10-06
143613,INF761K01EI2,INF761K01EJ0,BANK OF INDIA ARBITRAGE FUND,Direct Plan,Annual IDCW,14.0238,2026-10-06
143614,INF761K01ED3,-,BANK OF INDIA ARBITRAGE FUND,Direct Plan,Growth,15.5183,2026-10-06
143619,INF761K01DZ8,INF761K01EA9,BANK OF INDIA ARBITRAGE FUND,Regular Plan,Quarterly IDCW,14.1294,2026-10-06
150252,INF251K01OV6,INF251K01OU8,BARODA BNP PARIBAS ARBITRAGE FUND,Direct Plan,Adhoc IDCW Option,11.717,2026-10-06
150256,INF251K01PJ8,INF251K01PI0,BARODA BNP PARIBAS ARBITRAGE FUND,Direct Plan,Quarterly IDCW Option,10.9088,2026-10-06
154236,INF226401117,-,Capitalmind Arbitrage Fund,Direct Plan,Growth,10.3404,2026-10-06
142281,INF740KA1DQ7,INF740KA1DR5,DSP Arbitrage fund,Direct Plan,Monthly IDCW,13.289,2026-10-06
142280,INF740KA1DJ2,INF740KA1DK0,DSP Arbitrage fund,Regular Plan,IDCW,12.129,2026-10-06
141606,INF754K01HW1,INF754K01HX9,Edelweiss Arbitrage Fund,Direct Plan,IDCW,18.1944,2026-10-06
129054,INF179KA1KS8,INF179KA1KR0,HDFC Arbitrage Fund,Direct Plan,Monthly IDCW,11.356,2026-10-06
147617,INF00XX01440,-,ITI Arbitrage Fund,Direct Plan,Growth Option,14.6445,2026-10-06
105968,INF174K01302,-,Kotak Arbitrage Fund,Regular Plan,Growth,40.3443,2026-10-06
153187,INF247L01ED1,-,Motilal Oswal Arbitrage Fund,Direct Plan,Growth,11.3299,2026-10-06
153186,INF247L01EH2,INF247L01EI0,Motilal Oswal Arbitrage Fund,Regular Plan,Reinvestment/Payout,10.9766,2026-10-06
128821,INF204KA1MV7,INF204KA1MW5,Nippon India Arbitrage Fund,Direct Plan,MONTHLY IDCW Option,16.2816,2026-10-06
118585,INF204K01XZ7,-,Nippon India Arbitrage Fund,Direct Plan,Growth Option,31.1073,2026-10-06
153980,INF0S5R01109,INF0S5R01117,Old Bridge Arbitrage Fund,Regular Plan,Regular IDCW,10.5064,2026-10-06
153426,INF966L01DW8,-,quant Arbitrage Fund,Direct Plan,Growth Option,11.139,2026-10-06
145725,-,INF277K019Q9,Tata Arbitrage Fund,Direct Plan,Monthly Reinvestment of Income Distribution cum capital withdrawal option,15.7634,2026-10-06
153805,INF0GCD01867,-,TRUSTMF ARBITRAGE FUND,Regular Plan,Growth,10.625,2026-10-06
154419,INF109K1A500,INF109K1A492,ICICI Prudential Balanced Hybrid Fund,Regular Plan,IDCW,10,2026-10-06
112352,INF194K01RY5,INF194K01RX7,BANDHAN CONSERVATIVE HYBRID FUND,Regular Plan,IDCW,10.9785,2026-10-06
118491,INF194K015B9,-,BANDHAN CONSERVATIVE HYBRID FUND,Direct Plan,Growth,36.8881,2026-10-06
100950,INF090I01ED1,INF090I01EE9,Franklin India Conservative Hybrid Fund,Regular Plan,Quarterly IDCW,11.4261,2026-10-06
148302,INF090I01WH4,-,Franklin India Conservative Hybrid Fund,Direct Plan,,0,2021-01-11
148298,INF090I01WI2,-,Franklin India Conservative Hybrid Fund,Direct Plan,,0,2020-12-31
148297,INF090I01WE1,-,Franklin India Conservative Hybrid Fund,,,0,2021-01-11
148299,INF090I01WG6,-,Franklin India Conservative Hybrid Fund,,,0,2021-01-11
148300,INF090I01WF8,-,Franklin India Conservative Hybrid Fund,,,0,2021-01-11
148301,INF090I01WJ0,-,Franklin India Conservative Hybrid Fund,Direct Plan,,0,2021-01-11
120277,INF767K01EP4,INF767K01ES8,LIC MF Conservative Hybrid Fund,Direct Plan,Monthly IDCW,12.9689,2026-10-06
148291,INF204KB15O7,INF204KB16O5,Nippon India Conservative Hybrid Fund (Existing number of Segregated Portfolios - 1),Direct Plan,MONTHLY IDCW Option,0,2026-10-06
148294,INF204KB10P5,INF204KB11P3,Nippon India Conservative Hybrid Fund (Existing number of Segregated Portfolios - 1),Regular Plan,MONTHLY IDCW Option,0,2026-10-06
148295,INF204KB12P1,INF204KB13P9,Nippon India Conservative Hybrid Fund (Existing number of Segregated Portfolios - 1),Regular Plan,QUARTERLY IDCW Option,0,2026-10-06
148141,INF204KB17K1,-,Nippon India Conservative Hybrid Fund (Existing number of Segregated Portfolios - 1),Regular Plan,Growth Option,3.8398,2020-07-10
148296,INF204KB14O0,-,Nippon India Conservative Hybrid Fund (Existing number of Segregated Portfolios - 1),Direct Plan,Growth Option,0,2026-10-06
148293,INF204KB19O9,-,Nippon India Conservative Hybrid Fund (Existing number of Segregated Portfolios - 1),Regular Plan,Growth Option,0,2026-10-06
148292,INF204KB17O3,INF204KB18O1,Nippon India Conservative Hybrid Fund (Existing number of Segregated Portfolios - 1),Direct Plan,QUARTERLY IDCW Option,0,2026-10-06
148958,INF879O01175,-,Parag Parikh Conservative Hybrid Fund,Direct Plan,Growth,16.0092,2026-10-06
148960,INF879O01191,INF879O01183,Parag Parikh Conservative Hybrid Fund,Regular Plan,Monthly IDCW Payout,10.5574,2026-10-06
100927,INF200K01867,INF200K01875,SBI CONSERVATIVE HYBRID FUND,Regular Plan,IDCW,21.0057,2026-10-06
119637,INF903J01OR2,INF903J01OU6,Sundaram Conservative Hybrid Fund (Formerly Known as Sundaram Debt Oriented Hybrid Fund),Direct Plan,IDCW (Income Distribution CUM Capital Withdrawal),20.3078,2026-10-06
112869,INF903J01HE4,INF903J01HH7,Sundaram Conservative Hybrid Fund (Formerly Known as Sundaram Debt Oriented Hybrid Fund),Regular Plan,IDCW (Income Distribution CUM Capital Withdrawal),19.2742,2025-06-27
131670,INF084M01DJ5,-,Aditya Birla Sun Life Balanced Advantage Fund,Direct Plan,GROWTH,127.67,2026-10-06
152195,INF0QA701664,INF0QA701672,Bajaj Finserv Balanced Advantage Fund,Direct Plan,IDCW,11.896,2026-10-06
131356,INF194KA1UI9,INF194KA1UJ7,BANDHAN Balanced Advantage Fund,Direct Plan,IDCW,16.204,2026-10-06
126391,INF740K01K99,INF740K01L07,DSP Dynamic Asset Allocation Fund,Direct Plan,Monthly IDCW,16.355,2026-10-06
118615,INF754K01BS2,-,Edelweiss Balanced Advantage Fund,Direct Plan,Growth,59.91,2026-10-06
150480,INF090I01WN2,-,Franklin India Balanced Advantage Fund,Regular Plan,Growth,14.0557,2026-10-06
150478,INF090I01WO0,INF090I01WP7,Franklin India Balanced Advantage Fund,Regular Plan,IDCW,12.5247,2026-10-06
150479,INF090I01WR3,INF090I01WS1,Franklin India Balanced Advantage Fund,Direct Plan,IDCW,12.5474,2026-10-06
120377,INF109K012B0,-,ICICI Prudential Balanced Advantage Fund,Direct Plan,Growth,86,2026-10-06
122236,INF109K016W7,INF109K015W9,ICICI Prudential Balanced Advantage Fund,Direct Plan,Monthly IDCW,26.58,2026-10-06
147787,INF00XX01655,-,ITI Balanced Advantage Fund,Regular Plan,Growth Option,14.159,2026-10-06
144336,INF174KA1160,INF174KA1178,Kotak Balanced Advantage Fund,Regular Plan,Payout of Income Distribution cum capital withdrawal option Option,20.535,2026-10-06
144334,INF174KA1194,INF174KA1202,Kotak Balanced Advantage Fund,Direct Plan,Payout of Income Distribution cum capital withdrawal option,22.575,2026-10-06
139866,INF247L01650,INF247L01676,Motilal Oswal Balanced Advantage Fund,Direct Plan,Reinvestment/Payout,14.0297,2026-10-06
148658,INF663L01V49,-,PGIM India Balanced Advantage Fund,Direct Plan,Direct Growth,16,2026-10-06
148660,INF663L01V80,INF663L01V98,PGIM India Balanced Advantage Fund,Regular Plan,Regular IDCW,10.33,2026-10-06
152467,-,INF879O01258,Parag Parikh Dynamic Asset Allocation Fund,,,9.9688,2026-10-06
151714,INF966L01BO9,-,quant Dynamic Asset Allocation Fund,Regular Plan,Growth Option,16.086,2026-10-06
151712,INF966L01BM3,INF966L01BN1,quant Dynamic Asset Allocation Fund,Direct Plan,IDCW Option,16.9453,2026-10-06
146005,INF277K011S2,-,Tata Balanced Advantage Fund,Regular Plan,Payout of Income Distribution cum capital withdrawal option,19.3003,2026-10-06
153377,INF1MIY01023,-,UNIFI DYNAMIC ASSET ALLOCATION FUND,Regular Plan,GROWTH,11.2651,2026-10-06
142035,INF582M01DI0,-,Union Balanced Advantage Fund,Regular Plan,Growth Option,20.19,2026-10-06
142036,INF582M01DK6,INF582M01DJ8,Union Balanced Advantage Fund,Regular Plan,IDCW Option,18.18,2026-10-06
120784,-,-,UTI - Unit Linked Insurance Plan,Direct Plan,Growth,46.129,2026-10-06
132996,INF209KA1TQ7,INF209KA1TR5,Aditya Birla Sun Life Equity Savings Fund,Direct Plan,IDCW,15.16,2026-10-06
132998,INF209KA1TS3,-,Aditya Birla Sun Life Equity Savings Fund,Regular Plan,GROWTH,23.18,2026-10-06
153771,INF0QA701BR3,INF0QA701BS1,Bajaj Finserv Equity Savings Fund,Regular Plan,IDCW,10.402,2026-10-06
108995,INF194K01581,-,BANDHAN EQUITY SAVINGS FUND,Regular Plan,Growth,32.26,2026-10-06
108994,INF194K01557,-,BANDHAN EQUITY SAVINGS FUND,,,16.0114,2015-01-08
136567,INF740KA1504,-,DSP Equity Savings Fund,Direct Plan,Growth,25.031,2026-10-06
140351,INF843K01KG9,-,Edelweiss Equity Savings Fund,Regular Plan,Growth,27.2988,2026-10-06
141934,INF754K01IP3,INF754K01IQ1,Edelweiss Equity Savings Fund,Regular Plan,Monthly IDCW,14.3829,2026-10-06
144464,INF090I01PF2,INF090I01PE5,Franklin India Equity Savings Fund,Regular Plan,Monthly IDCW,13.0316,2026-10-06
101586,INF179K01AK1,INF179K01AL9,HDFC Equity Savings Fund,Regular Plan,IDCW Option,11.995,2026-10-06
133056,INF109KA14J3,INF109KA17J6,ICICI Prudential Equity Savings Fund,Direct Plan,Half Yearly IDCW,15.6,2022-09-16
133053,INF109KA16I0,INF109KA19I4,ICICI Prudential Equity Savings Fund,Regular Plan,Quarterly IDCW,12.97,2026-10-06
131372,INF174K01C78,-,Kotak Equity Savings Fund,Regular Plan,Growth,27.2945,2026-10-06
151954,INF397L01BD0,INF397L01BE8,LIC MF Equity Savings Fund,Direct Plan,Quarterly IDCW,17.5289,2026-10-06
148276,INF204KB11S7,INF204KB12S5,Nippon India Equity Savings Fund (Existing number of Segregated Portfolios - 2),Direct Plan,IDCW Option,0,2026-10-06
148277,INF204KB13S3,INF204KB14S1,Nippon India Equity Savings Fund (Existing number of Segregated Portfolios - 2),Direct Plan,MONTHLY IDCW Option,0,2026-10-06
148275,INF204KB19R2,INF204KB10S9,Nippon India Equity Savings Fund (Existing number of Segregated Portfolios - 2),Direct Plan,QUARTERLY IDCW Option,0,2026-10-06
148278,INF204KB19S0,INF204KB10T7,Nippon India Equity Savings Fund (Existing number of Segregated Portfolios - 2),Regular Plan,IDCW Option,0,2026-10-06
148282,INF204KB11T5,INF204KB12T3,Nippon India Equity Savings Fund (Existing number of Segregated Portfolios - 2),Regular Plan,MONTHLY IDCW Option,0,2026-10-06
148281,INF204KB17S4,INF204KB18S2,Nippon India Equity Savings Fund (Existing number of Segregated Portfolios - 2),Regular Plan,QUARTERLY IDCW Option,0,2026-10-06
134596,INF204KA1W10,INF204KA1W28,Nippon India Equity Savings Fund (Existing number of Segregated Portfolios - 2),Regular Plan,IDCW Option,13.8556,2026-10-06
147693,INF204KB16E6,INF204KB17E4,Nippon India Equity Savings Fund (Existing number of Segregated Portfolios - 2),Direct Plan,MONTHLY IDCW Option,0.5801,2025-03-21
148273,INF204KB17R6,-,Nippon India Equity Savings Fund (Existing number of Segregated Portfolios - 2),Direct Plan,Bonus Option,0,2026-10-06
148274,INF204KB18R4,-,Nippon India Equity Savings Fund (Existing number of Segregated Portfolios - 2),Direct Plan,Growth Option,0,2026-10-06
148279,INF204KB15S8,-,Nippon India Equity Savings Fund (Existing number of Segregated Portfolios - 2),Regular Plan,Bonus Option,0,2026-10-06
148280,INF204KB16S6,-,Nippon India Equity Savings Fund (Existing number of Segregated Portfolios - 2),Regular Plan,Growth Option,0,2026-10-06
134595,INF204KA1W85,-,Nippon India Equity Savings Fund (Existing number of Segregated Portfolios - 2),Direct Plan,Bonus Option,18.0492,2026-10-06
134602,INF204KA1W02,-,Nippon India Equity Savings Fund (Existing number of Segregated Portfolios - 2),Regular Plan,Bonus Option,16.1739,2026-10-06
138376,INF223J01QD0,-,PGIM India Equity Savings Fund,Direct Plan,Direct Growth,57.8013,2026-10-06
134639,INF200KA1DB2,INF200KA1DC0,SBI EQUITY SAVINGS FUND,Regular Plan,IDCW,22.7366,2026-10-06
149675,INF173K01247,INF173K01254,Sundaram Equity Savings Fund (Formerly Known as Principal Equity Savings Fund),Regular Plan,IDCW (Income Distribution CUM Capital Withdrawal),14.0685,2026-10-06
119959,INF277K01QK9,INF277K01QL7,Tata Equity Savings Fund,Direct Plan,Periodic Payout of IDCWS Option,31.1493,2026-02-20
152641,INF0QA701839,INF0QA701847,Bajaj Finserv Multi Asset Allocation Fund,Direct Plan,IDCW,12.305,2026-10-06
152324,INF194KB1HM7,-,BANDHAN MULTI ASSET ALLOCATION FUND,Direct Plan,Growth,14.5343,2026-10-06
152326,INF194KB1HJ3,-,BANDHAN MULTI ASSET ALLOCATION FUND,Regular Plan,Growth,13.9575,2026-10-06
152325,INF194KB1HK1,INF194KB1HL9,BANDHAN MULTI ASSET ALLOCATION FUND,Regular Plan,IDCW,13.0916,2026-10-06
151792,INF754K01RS8,-,Edelweiss Multi Asset Allocation Fund,Direct Plan,Growth,12.6828,2026-10-06
153733,INF090I01YM0,-,Franklin India Multi Asset Allocation Fund,Regular Plan,Growth,10.5677,2026-10-06
148457,INF204KB19V4,-,Nippon India Multi Asset Allocation Fund,Direct Plan,Growth Option,26.4808,2026-10-06
148458,INF204KB10W1,INF204KB11W9,Nippon India Multi Asset Allocation Fund,Direct Plan,IDCW Option,25.1239,2026-10-06
148459,INF204KB16V0,-,Nippon India Multi Asset Allocation Fund,Regular Plan,Growth Option,24.4455,2026-10-06
153987,INF663L010A3,-,PGIM India Multi Asset Allocation Fund,Direct Plan,Direct Growth,10.39,2026-10-06
153990,INF663L011A1,INF663L012A9,PGIM India Multi Asset Allocation Fund,Direct Plan,Direct IDCW,10.39,2026-10-06
101071,INF966L01184,INF966L01192,Quant Multi Asset Allocation Fund,Regular Plan,IDCW Option,151.5345,2026-10-06
120821,INF966L01580,-,Quant Multi Asset Allocation Fund,Direct Plan,Growth Option,179.9659,2026-10-06
103409,INF200K01784,INF200K01792,SBI MULTI ASSET ALLOCATION FUND,Regular Plan,IDCW,37.0396,2026-10-06
152314,INF903JA1LK9,-,Sundaram Multi Asset Allocation Fund,Direct Plan,GROWTH,13.3111,2026-10-06
148053,INF277K019Y3,-,Tata Multi Asset Allocation Fund,Direct Plan,Growth Option,27.3331,2026-10-06
148051,-,INF277K013Z3,Tata Multi Asset Allocation Fund,Regular Plan,Dividend Reinvestment Option,24.5465,2026-10-06
144400,INF846K01F24,INF846K01F32,Axis Aggressive Hybrid Fund,Regular Plan,Quarterly IDCW,12.18,2026-10-06
139527,INF761K01DM6,-,BANK OF INDIA AGGRESSIVE HYBRID FUND,Direct Plan,Growth,47.56,2026-10-06
139530,INF761K01DN4,INF761K01DO2,BANK OF INDIA AGGRESSIVE HYBRID FUND,Direct Plan,IDCW,36.27,2026-10-06
145605,INF666M01FJ4,-,Groww Aggressive Hybrid Fund,Regular Plan,Growth,19.948,2026-10-06
151120,INF917K01LB0,-,HSBC Aggressive Hybrid Fund,Regular Plan,Growth,59.0637,2026-10-06
120251,INF109K01Y07,-,ICICI Prudential Aggressive Hybrid Fund,Direct Plan,Growth,439.33,2026-10-06
131452,INF109KA1X93,INF109KA1X85,ICICI Prudential Aggressive Hybrid Fund,Regular Plan,Half Yearly IDCW,23.67,2026-10-06
100355,INF109K01DX5,INF109K01498,ICICI Prudential Aggressive Hybrid Fund,Regular Plan,Monthly IDCW,41.49,2026-10-06
133406,INF192K01HR4,INF192K01HS2,JM Aggressive Hybrid Fund,Direct Plan,Quarterly IDCW Option,34.684,2026-10-06
133405,INF192K01HP8,INF192K01HQ6,JM Aggressive Hybrid Fund,Regular Plan,Quarterly IDCW Option,30.4308,2026-10-06
147448,INF174V01804,INF174V01796,Mahindra Manulife Aggressive Hybrid Fund,Direct Plan,Monthly IDCW,19.9305,2026-10-06
134813,INF769K01DH9,-,Mirae Asset Aggressive Hybrid Fund,Direct Plan,Growth,38.575,2026-10-06
134816,INF769K01DF3,INF769K01DG1,Mirae Asset Aggressive Hybrid Fund,Regular Plan,IDCW,16.283,2026-10-06
148265,INF204KB13T1,-,Nippon India Aggressive Hybrid Fund (Existing Number of Segregated Portfolios - 2),Direct Plan,Growth Option,0,2026-10-06
148266,INF204KB16T4,INF204KB17T2,Nippon India Aggressive Hybrid Fund (Existing Number of Segregated Portfolios - 2),Direct Plan,IDCW Option,0,2026-10-06
148267,INF204KB18T0,INF204KB19T8,Nippon India Aggressive Hybrid Fund (Existing Number of Segregated Portfolios - 2),Direct Plan,MONTHLY IDCW Option,0,2026-10-06
148270,INF204KB14T9,INF204KB15T6,Nippon India Aggressive Hybrid Fund (Existing Number of Segregated Portfolios - 2),Direct Plan,QUARTERLY IDCW Option,0,2026-10-06
148272,INF204KB13U9,INF204KB14U7,Nippon India Aggressive Hybrid Fund (Existing Number of Segregated Portfolios - 2),Regular Plan,IDCW Option,0,2026-10-06
148268,INF204KB15U4,INF204KB16U2,Nippon India Aggressive Hybrid Fund (Existing Number of Segregated Portfolios - 2),Regular Plan,MONTHLY IDCW Option,0,2026-10-06
148269,INF204KB11U3,INF204KB12U1,Nippon India Aggressive Hybrid Fund (Existing Number of Segregated Portfolios - 2),Regular Plan,QUARTERLY IDCW Option,0,2026-10-06
118793,INF204K01B16,INF204K01B24,Nippon India Aggressive Hybrid Fund (Existing Number of Segregated Portfolios - 2),Direct Plan,IDCW Option,36.7489,2026-10-06
139680,INF204KB1BF2,INF204KB1BG0,Nippon India Aggressive Hybrid Fund (Existing Number of Segregated Portfolios - 2),Regular Plan,IDCW Option,16.1165,2026-10-06
148271,INF204KB10U5,-,Nippon India Aggressive Hybrid Fund (Existing Number of Segregated Portfolios - 2),Regular Plan,Growth Option,0,2026-10-06
130774,INF846K01QA2,INF846K01QB0,Axis Arbitrage Fund,Direct Plan,Monthly IDCW,12.4111,2026-10-06
154323,INF666M01OO6,INF666M01OP3,Groww Arbitrage Fund,Direct Plan,Income Distribution cum capital withdrawal,10.2757,2026-10-06
154325,INF666M01OQ1,-,Groww Arbitrage Fund,Regular Plan,Growth,10.2426,2026-10-06
151135,INF917K01QT1,INF917K01QS3,HSBC Arbitrage Fund,Direct Plan,Monthly IDCW,10.2423,2026-10-06
104684,INF109K01BD1,-,ICICI Prudential Arbitrage Fund,,,26.3343,2020-04-24
130951,INF109KA1C07,-,ICICI Prudential Arbitrage Fund,,,14.7363,2020-04-24
120401,INF205K01KR8,-,Invesco India Arbitrage Fund,Direct Plan,Growth,37.4885,2026-10-06
154638,INF22M001259,-,JioBlackRock Arbitrage Fund,Regular Plan,Growth Option,10.0706,2026-10-06
135171,INF192K01KU2,INF192K01KV0,JM Arbitrage Fund,Direct Plan,Half Yearly IDCW Option,17.3802,2026-10-06
120481,INF192K01BL0,INF192K01BM8,JM Arbitrage Fund,Direct Plan,IDCW Option,17.7064,2026-10-06
130603,INF192K01GJ3,-,JM Arbitrage Fund,Regular Plan,Bonus Option - Principal Units,18.9925,2026-10-06
103781,INF192K01494,INF192K01502,JM Arbitrage Fund,Regular Plan,IDCW Option,16.2147,2026-10-06
148402,INF769K01FR3,INF769K01FT9,Mirae Asset Arbitrage Fund,Direct Plan,IDCW,14.629,2026-10-06
152849,INF03VN01910,-,WhiteOak Capital Arbitrage Fund,Direct Plan,Growth Option,11.575,2026-10-06
152850,INF03VN01928,-,WhiteOak Capital Arbitrage Fund,Regular Plan,Growth Option,11.397,2026-10-06
154619,INF0R8F01232,-,Zerodha Arbitrage Fund,Direct Plan,Growth Option,10.0874,2026-10-06
152688,INF760K01LD0,-,Canara Robeco Balanced Advantage Fund,Direct Plan,Growth Option,10.27,2026-10-06
152689,INF760K01LE8,INF760K01LF5,Canara Robeco Balanced Advantage Fund,Direct Plan,IDCW Option,10.17,2026-10-06
151128,INF917K01IM3,INF917K01IL5,HSBC Balanced Advantage Fund,Direct Plan,IDCW,21.598,2026-10-06
151127,INF917K01KY4,-,HSBC Balanced Advantage Fund,Regular Plan,Growth,43.6237,2026-10-06
106316,INF205K01239,INF205K01221,Invesco India Balanced Advantage Fund,Regular Plan,IDCW,16.86,2026-10-06
149406,INF174V01BE0,-,Mahindra Manulife Balanced Advantage Fund,Direct Plan,Growth,15.7311,2026-10-06
118736,INF204K01G94,-,Nippon India Balanced Advantage Fund,Direct Plan,Growth Option,205.5952,2026-10-06
102848,INF204K01570,INF204K01588,Nippon India Balanced Advantage Fund,Regular Plan,IDCW Option,30.4885,2026-10-06
149265,INF0J8L01032,-,NJ Balanced Advantage Fund,Direct Plan,IDCW Payout Option,14.21,2026-10-06
151885,INF789F1AYV3,-,UTI Balanced Advantage Fund,Direct Plan,Growth,12.7193,2026-10-06
151267,INF03VN01738,-,WhiteOak Capital Balanced Advantage Fund,Direct Plan,Growth Option,15.369,2026-10-06
151268,INF03VN01720,-,WhiteOak Capital Balanced Advantage Fund,Regular Plan,Growth Option,14.518,2026-10-06
154617,INF200KB1CB3,INF200KB1CC1,SBI Balanced Hybrid Fund,Direct Plan,IDCW,9.9681,2026-10-06
154615,INF200KB1BX9,-,SBI Balanced Hybrid Fund,Regular Plan,Growth,9.9565,2026-10-06
154629,INF789F1AH34,-,UTI Balanced Hybrid Fund,,,9.9698,2026-10-06
152133,INF03VN01811,-,WhiteOak Capital Balanced Hybrid Fund,Regular Plan,Growth Option,13.124,2026-10-06
120550,INF209K01R47,INF209K01XI2,Aditya Birla Sun Life Conservative Hybrid Fund,Direct Plan,Monthly IDCW,26.6366,2026-10-06
150207,INF251K01HS6,INF251K01HT4,BARODA BNP PARIBAS CONSERVATIVE HYBRID FUND,Direct Plan,Monthly IDCW Option,12.9463,2026-10-06
150208,INF251K01HU2,INF251K01HV0,BARODA BNP PARIBAS CONSERVATIVE HYBRID FUND,Direct Plan,Quarterly IDCW Option,12.4607,2026-10-06
118310,INF760K01GC2,INF760K01GD0,Canara Robeco Conservative Hybrid Fund,Direct Plan,QUARTERLY IDCW (Payout/Reinvestment),15.7702,2026-10-06
100600,INF760K01308,INF760K01316,Canara Robeco Conservative Hybrid Fund,Regular Plan,MONTHLY IDCW (Payout/Reinvestment),11.9833,2026-10-06
112378,INF760K01AP7,INF760K01AQ5,Canara Robeco Conservative Hybrid Fund,Regular Plan,QUARTERLY IDCW (Payout/Reinvestment),13.0943,2026-10-06
118994,INF740K01NO5,-,DSP Conservative Hybrid Fund,Direct Plan,Growth,68.6379,2026-10-06
119119,INF179K01XF3,INF179K01XG1,HDFC Conservative Hybrid Fund,Direct Plan,IDCW Monthly,14.7181,2026-10-06
119120,INF179K01XH9,INF179K01XI7,HDFC Conservative Hybrid Fund,Direct Plan,IDCW Quarterly,15.5001,2026-10-06
120073,INF336L01DW4,-,HSBC Conservative Hybrid Fund,Direct Plan,Growth,70.9288,2026-10-06
120075,INF336L01DZ7,INF336L01EA8,HSBC Conservative Hybrid Fund,Direct Plan,Quarterly IDCW,14.5061,2026-10-06
102262,INF336L01099,-,HSBC Conservative Hybrid Fund,Regular Plan,Growth,62.6397,2026-10-06
120613,INF109K01S47,INF109K01S54,ICICI Prudential Conservative Hybrid Fund,Direct Plan,Half Yearly IDCW,16.2269,2026-10-06
102330,INF109K01902,-,ICICI Prudential Conservative Hybrid Fund,Regular Plan,Growth,78.3439,2026-10-06
102533,INF789F01927,-,UTI Conservative Hybrid Fund,Regular Plan,Monthly Payment Plan,69.8635,2026-10-06
102536,INF789F01901,INF789F01919,UTI Conservative Hybrid Fund,Regular Plan,Monthly IDCW,16.4738,2026-10-06
151059,INF917K01GD6,INF917K01GC8,HSBC Equity Savings Fund,Direct Plan,Quarterly IDCW,17.9265,2026-10-06
146458,INF205KA1064,INF205KA1031,Invesco India Equity Savings Fund,Direct Plan,IDCW,18.7562,2026-10-06
144491,INF789F1A769,INF789F1A751,UTI - Equity Savings Fund,Direct Plan,IDCW,20.0195,2026-10-06
144489,INF789F1A819,INF789F1A801,UTI - Equity Savings Fund,Direct Plan,Monthly IDCW,20.0207,2026-10-06
153774,INF579M01BM2,-,360 ONE Multi Asset Allocation Fund,Direct Plan,GROWTH Option,12.2308,2026-10-06
154438,INF2VOA01012,-,AlphaGrep Multi Asset Allocation Fund,Direct Plan,Growth,10.2314,2026-10-06
154440,INF2VOA01046,-,AlphaGrep Multi Asset Allocation Fund,Regular Plan,Growth,10.1935,2026-10-06
152053,INF740KA1TB5,-,DSP Multi Asset Allocation Fund,Regular Plan,Growth,15.7218,2026-10-06
152054,INF740KA1TC3,INF740KA1TD1,DSP Multi Asset Allocation Fund,Regular Plan,IDCW,14.1674,2026-10-06
153850,INF666M01ME1,INF666M01MF8,Groww Multi Asset Allocation Fund,Regular Plan,Income Distribution cum capital withdrawal,9.896,2026-10-06
154424,INF192K01NT8,-,JM Multi Asset Allocation Fund,Regular Plan,Growth Option,10.0899,2026-10-06
152346,INF769K01KX1,INF769K01KY9,Mirae Asset Multi Asset Allocation Fund,Regular Plan,IDCW,13.29,2026-10-06
152051,INF680P01406,-,Shriram Multi Asset Allocation Fund,Direct Plan,Growth,13.5169,2026-10-06
111599,INF789F01AP6,-,UTI Multi Asset Allocation Fund,Regular Plan,Growth,76.247,2026-10-06
151745,INF03VN01761,-,WhiteOak Capital Multi Asset Allocation Fund,Direct Plan,Growth Option,16.53,2026-10-06
120302,INF109K015J6,INF109K016J4,ICICI Prudential Blended Plan B,,,17.7362,2016-10-07
120582,INF109K017K0,-,ICICI Prudential Dynamic Bond Fund,,,20.425,2018-05-25
120581,INF109K018K8,INF109K019K6,ICICI Prudential Dynamic Bond Fund,,,10.2129,2018-05-25
111996,INF109K01CB3,-,ICICI Prudential Dynamic Bond Fund,,,19.6985,2018-05-25
120629,INF109K01K86,-,ICICI Prudential Interval Fund - Annual Interval Plan - III,,,17.7978,2017-11-21
106830,INF109K01KK7,-,ICICI Prudential Interval Fund - Annual Interval Plan - IV,,,11.7708,2014-11-17
120635,INF109K01L36,-,ICICI Prudential Interval Fund - Monthly Interval Plan - I,,,10.0692,2014-06-30
115763,INF109K01LW0,-,ICICI Prudential Interval Fund - Quarterly Interval Plan - I,,,10.0022,2014-09-04
127238,INF109KA1NV1,-,ICICI Prudential Interval Fund - Series VII - Annual Interval Plan - C,,,13.774,2018-03-13
123645,INF109K01MU2,-,ICICI Prudential Interval Fund II - Quarterly Interval Plan - A,,,10.0015,2017-09-05
110663,INF109K01MR8,-,ICICI Prudential Interval Fund II - Quarterly Interval Plan - A,,,13.6425,2017-09-05
120643,INF109K01M68,-,ICICI Prudential Interval Fund II - Quarterly Interval Plan - B,,,14.1819,2017-09-14
109855,INF109K01NF1,INF109K01NE4,ICICI Prudential Interval Fund II - Quarterly Interval Plan - C,,,10.0039,2017-09-25
107138,INF109K01NQ8,-,ICICI Prudential Interval Fund II - Quarterly Interval Plan - D,,,10.0799,2017-10-09
120651,INF109K01M92,-,ICICI Prudential Interval Fund II - Quarterly Interval Plan - D,,,10.0051,2017-10-09
110013,INF109K01NL9,-,ICICI Prudential Interval Fund II - Quarterly Interval Plan - D,,,13.469,2017-10-09
107309,INF109K01NU0,-,ICICI Prudential Interval Fund II - Quarterly Interval Plan - F,,,10.0742,2017-08-16
107310,INF109K01NT2,-,ICICI Prudential Interval Fund II - Quarterly Interval Plan - F,,,20.25,2017-08-16
110048,INF109K01OU8,-,ICICI Prudential Interval Fund V - Monthly Interval Plan A,,,10.0033,2017-08-16
124679,INF204KA1AI9,-,Reliance Interval Fund - II - Series 1,Direct Plan,Growth Option,12.842,2016-10-17
124755,INF204KA1AS8,INF204KA1AT6,Reliance Interval Fund - II - Series 3,Direct Plan,Dividend Option,10,2016-11-01
108646,INF194K01FF9,INF194K01FE2,Bandhan    10 year Constant Maturity Gilt Fund,Regular Plan,Quarterly IDCW,11.4631,2026-10-06
118388,INF194K01P87,INF194K01P79,Bandhan 10 year Constant Maturity Gilt Fund,Direct Plan,Quarterly IDCW,11.7667,2026-10-06
131301,INF740K019I5,-,DSP 10 year Constant Maturity Gilt Fund,Direct Plan,Growth,22.812,2026-10-06
131061,INF109KA1O37,-,ICICI Prudential 10 year Constant Maturity Gilt Fund,Direct Plan,Growth,26.3546,2026-10-06
131054,INF109KA1O52,INF109KA1O94,ICICI Prudential 10 year Constant Maturity Gilt Fund,Direct Plan,Quarterly IDCW,11.4885,2026-10-06
120136,INF200K01SI1,INF200K01SJ9,SBI 10 YEAR CONSTANT MATURITY GILT FUND,Direct Plan,IDCW,22.3206,2026-10-06
150420,INF789F1AVP1,INF789F1AVQ9,UTI 10 year Constant Maturity Gilt Fund,Regular Plan,Discontinued Flexi IDCW,12.9641,2026-10-06
108274,INF209K01LN7,-,Aditya Birla Sun Life Banking & PSU Debt Fund,Regular Plan,QUARTERLY IDCW Payout,101.362,2026-10-06
108273,INF209K01LV0,-,Aditya Birla Sun Life Banking & PSU Debt Fund,Regular Plan,GROWTH,387.8485,2026-10-06
128953,INF846K01NG6,-,Axis Banking and PSU Debt Fund,Regular Plan,Bonus Option,1289.4075,2015-05-18
117449,INF846K01CF1,INF846K01CG9,Axis Banking and PSU Debt Fund,Regular Plan,Monthly IDCW,1034.0657,2026-10-06
152166,INF0QA701565,INF0QA701573,Bajaj Finserv Banking and PSU Debt Fund,Regular Plan,IDCW,12.0583,2026-10-06
127471,-,INF194KA1JD3,Bandhan Banking and PSU Debt Fund,Direct Plan,Daily IDCW,10.4768,2026-10-06
121280,INF194K01SN6,-,Bandhan Banking and PSU Debt Fund,Regular Plan,Growth,26.3185,2026-10-06
121932,-,INF194K017M2,Bandhan Banking and PSU Debt Fund,Regular Plan,Monthly IDCW,10.6821,2026-10-06
121937,INF194K014M9,-,Bandhan Banking and PSU Debt Fund,Regular Plan,Quarterly IDCW,10.9162,2026-10-06
150505,INF760K01KC4,-,Canara Robeco Banking and PSU Debt Fund,Direct Plan,Growth Option,12.8952,2026-10-06
124182,-,INF740KA1OF7,DSP Banking and PSU Debt Fund,Direct Plan,Daily IDCW Reinvestment,10.1291,2026-10-06
140291,INF843K01FG9,-,Edelweiss Banking and PSU Debt Fund,Direct Plan,Fortnightly IDCW,14.3655,2026-10-06
140293,INF843K01FI5,INF843K01FH7,Edelweiss Banking and PSU Debt Fund,Direct Plan,Monthly IDCW,10.928,2026-10-06
140292,INF843K01FQ8,INF843K01FP0,Edelweiss Banking and PSU Debt Fund,Regular Plan,Monthly IDCW,11.1738,2026-10-06
151108,-,INF917K01HL7,HSBC Banking and PSU Debt Fund,Direct Plan,Daily IDCW,11.1731,2026-10-06
151109,-,INF917K01HK9,HSBC Banking and PSU Debt Fund,Direct Plan,Weekly IDCW,10.3312,2026-10-06
151103,-,INF917K01HM5,HSBC Banking and PSU Debt Fund,Regular Plan,Weekly IDCW,10.3016,2026-10-06
116174,INF109K01YE1,INF109K01YD3,ICICI Prudential Banking and PSU Debt Fund,Regular Plan,Quarterly IDCW,11.0291,2026-10-06
120443,-,INF205K01KS6,Invesco India Banking and PSU Debt Fund,Direct Plan,Daily IDCW,1062.1675,2026-10-06
118234,-,INF205K01JX8,Invesco India Banking and PSU Debt Fund,Regular Plan,Daily IDCW,1048.7061,2026-10-06
105822,INF767K01519,INF767K01527,LIC MF Banking & PSU Debt Fund,Regular Plan,Daily IDCW,11.8737,2026-10-06
105856,INF767K01543,INF767K01550,LIC MF Banking & PSU Debt Fund,Regular Plan,Monthly IDCW,13.8509,2026-10-06
105857,INF767K01568,INF767K01576,LIC MF Banking & PSU Debt Fund,Regular Plan,Weekly IDCW,10.3867,2026-10-06
148417,INF769K01FX1,INF769K01FZ6,Mirae Asset Banking and PSU Debt Fund,Direct Plan,IDCW,14.0356,2026-10-06
134554,INF204KA1V11,INF204KA1V29,Nippon India Banking and PSU Debt Fund,Direct Plan,WEEKLY IDCW Option,10.2614,2026-10-06
134555,INF204KA1U79,INF204KA1U87,Nippon India Banking and PSU Debt Fund,Direct Plan,IDCW Option,22.9182,2026-10-06
134548,INF204KA1T72,INF204KA1T80,Nippon India Banking and PSU Debt Fund,Regular Plan,IDCW Option,21.9745,2026-10-06
125498,INF200K01U41,-,SBI BANKING & PSU DEBT FUND,Regular Plan,Growth,3312.4921,2026-10-06
125499,-,INF200K01U58,SBI BANKING & PSU DEBT FUND,Regular Plan,IDCW,1511.2508,2026-10-06
134355,INF903J016I7,-,Sundaram Banking and PSU Debt Fund (Formerly Known as Sundaram Banking and PSU Fund),Regular Plan,Bonus,11.6319,2017-02-17
134358,-,INF903J010I0,Sundaram Banking and PSU Debt Fund (Formerly Known as Sundaram Banking and PSU Fund),Regular Plan,IDCW (Income Distribution CUM Capital Withdrawal),11.6582,2017-03-17
140135,INF789FA1V03,INF789FA1V11,UTI Banking & PSU Debt Fund,Direct Plan,Annual IDCW,13.8052,2026-10-06
141375,INF789FA1U87,INF789FA1U95,UTI Banking & PSU Debt Fund,Direct Plan,Half yearly IDCW,15.997,2026-10-06
133971,INF789FA1U61,INF789FA1U79,UTI Banking & PSU Debt Fund,Regular Plan,Discontinued Flexi IDCW,15.8454,2026-10-06
141591,INF846K01ZS5,INF846K01ZT3,AXIS Corporate Bond Fund,Direct Plan,Regular IDCW Option,15.1208,2026-10-06
150235,INF251K01EP9,-,BARODA BNP PARIBAS CORPORATE BOND FUND,Regular Plan,Growth Option,29.5078,2026-10-06
126688,INF760K01GZ3,INF760K01HA4,Canara Robeco Corporate Bond Fund,Regular Plan,IDCW (Payout/Reinvestment),11.584,2026-10-06
119289,INF090I01KC0,-,Franklin India Corporate Bond Fund,,,0,2015-05-08
100532,INF090I01DC5,-,Franklin India Corporate Bond Fund,,,0,2015-06-08
118573,INF090I01FU2,INF090I01FV0,Franklin India Corporate Bond Fund,Direct Plan,Half Yearly IDCW,14.4362,2026-10-06
100531,INF090I01DN2,INF090I01DO0,Franklin India Corporate Bond Fund,Regular Plan,Half Yearly IDCW,12.2225,2026-10-06
100530,INF090I01DL6,INF090I01DM4,Franklin India Corporate Bond Fund,Regular Plan,Quarterly IDCW,11.9376,2026-10-06
150997,INF917K01HR4,INF917K01HQ6,HSBC Corporate Bond Fund,Direct Plan,Semi Annual IDCW,19.3616,2026-10-06
120496,INF205K01RG6,INF205K01RH4,Invesco India Corporate Bond Fund,Direct Plan,Monthly IDCW,1254.3815,2026-10-06
133787,INF178L01BQ6,INF178L01BP8,Kotak Corporate Bond Fund,Regular Plan,Monthly Dividend Option,1306.3743,2026-10-06
144346,INF789F1A546,INF789F1A553,UTI - Corporate Bond Fund,Direct Plan,Discontinued Quarterly IDCW,15.6536,2026-10-06
130310,INF846K01PP2,INF846K01PQ0,Axis Credit Risk Fund,Regular Plan,Weekly IDCW Option,10.1631,2026-10-06
128051,INF179KA1FZ3,-,HDFC Credit Risk Fund,Direct Plan,Growth Option,28.384,2026-10-06
128050,INF179KA1GA4,INF179KA1GB2,HDFC Credit Risk Fund,Direct Plan,Quarterly IDCW,10.7958,2026-10-06
151045,INF917K01UH8,-,HSBC Credit Risk Fund,Direct Plan,Growth,37.8798,2026-10-06
130725,INF205K01J09,INF205K01J25,Invesco India Credit Risk Fund,Direct Plan,Discretionary IDCW,2369.0101,2026-10-06
135419,INF789FA1V45,INF789FA1V52,UTI - Credit Risk Fund.,Regular Plan,Half yearly IDCW,12.3023,2026-10-06
122612,INF579M01183,-,360 ONE Dynamic Term Fund,Regular Plan,GROWTH Option,24.0546,2026-10-06
122721,INF579M01282,INF579M01316,360 ONE Dynamic Term Fund,Direct Plan,IDCW Option,14.076,2026-10-06
122717,INF579M01290,INF579M01324,360 ONE Dynamic Term Fund,Direct Plan,IDCW Option,23.4886,2026-10-06
122719,INF579M01209,INF579M01233,360 ONE Dynamic Term Fund,Regular Plan,IDCW Option,12.9538,2026-10-06
119505,INF209K01N82,-,Aditya Birla Sun Life Dynamic Term Fund,Direct Plan,GROWTH,52.9762,2026-10-06
111521,INF209K01801,INF209K01DG8,Aditya Birla Sun Life Dynamic Term Fund,Regular Plan,Monthly-IDCW,10.6323,2026-10-06
102766,INF209K01819,INF209K01DH6,Aditya Birla Sun Life Dynamic Term Fund,Regular Plan,Quarterly IDCW,10.6617,2026-10-06
120450,INF846K01DJ1,INF846K01DK9,Axis Dynamic Term Fund,Direct Plan,Half Yearly IDCW Option,12.9982,2026-10-06
108561,INF194K01QI0,INF194K01QH2,BANDHAN Dynamic Term   Fund,Regular Plan,Quarterly IDCW,11.6337,2026-10-06
122868,INF194K018R9,INF194K019R7,BANDHAN Dynamic Term Fund,Regular Plan,Half Yearly IDCW,10.745,2026-10-06
118415,INF194K01O13,INF194K01O05,BANDHAN Dynamic Term Fund,Direct Plan,Annual IDCW,12.1577,2026-10-06
150177,INF251K01EB9,INF251K01EC7,Baroda BNP Paribas Dynamic Term Fund,Regular Plan,Quarterly IDCW Option,10.1606,2026-10-06
119238,INF740K01QI0,INF740K01QK6,DSP Dynamic Term Fund,Direct Plan,IDCW,2498.5108,2026-10-06
145590,INF666M01ES8,-,Groww Dynamic Term Fund,Regular Plan,Growth,1498.8431,2026-10-06
145596,-,INF666M01EL3,Groww Dynamic Term Fund,Direct Plan,Income Distribution cum capital withdrawal,1017.2441,2026-10-06
145597,INF666M01EM1,INF666M01EN9,Groww Dynamic Term Fund,Direct Plan,Weekly - Income Distribution cum capital withdrawal,1017.0537,2026-10-06
133369,INF179KA1Q95,-,HDFC Dynamic Term Fund,Direct Plan,Normal IDCW,21.7233,2026-10-06
151085,INF677K01924,INF677K01932,HSBC Dynamic Term Fund,Regular Plan,Monthly IDCW,10.5945,2026-10-06
112094,INF109K01GM1,-,ICICI Prudential Dynamic Term Fund,,,25.7538,2020-04-24
113218,INF109K01GO7,INF109K01GP4,ICICI Prudential Dynamic Term Fund,Regular Plan,Annual IDCW,10.9337,2026-10-06
112097,INF109K01GK5,INF109K01GL3,ICICI Prudential Dynamic Term Fund,Regular Plan,IDCW,24.2424,2026-10-06
120433,-,INF192K01DA9,JM Dynamic Term Fund,Direct Plan,Weekly IDCW Option,10.5239,2026-10-06
105639,-,INF192K01668,JM Dynamic Term Fund,Regular Plan,Daily IDCW Option,10.0111,2026-10-06
105638,-,INF192K01718,JM Dynamic Term Fund,,,10.047,2020-05-06
119753,INF174K01JX6,-,Kotak Dynamic Term Fund,Direct Plan,Standard Income Distribution cum capital withdrawal option,15.2894,2026-10-06
119755,INF174K01JU2,-,Kotak Dynamic Term Fund,Direct Plan,Growth,43.5651,2026-10-06
117998,INF174K01IY6,INF174K01IZ3,Kotak Dynamic Term Fund,Regular Plan,Standard Income Distribution cum capital withdrawal option,14.905,2026-10-06
118749,INF204K01A58,INF204K01A66,Nippon India Dynamic Term Fund,Direct Plan,QUARTERLY IDCW Option,10.3182,2026-10-06
120084,INF663L01AD7,-,PGIM India Dynamic Term Fund,Direct Plan,Direct Growth,3106.4,2026-10-06
116555,INF582M01336,-,Union Dynamic Term Fund,Regular Plan,Growth Option,23.3522,2026-10-06
133180,INF789FA1S81,INF789FA1S99,UTI Dynamic Term Fund,Direct Plan,Discontinued Flexi IDCW,17.874,2026-10-06
133852,INF789FA1S08,INF789FA1S16,UTI Dynamic Term Fund,Regular Plan,Annual IDCW,13.9163,2026-10-06
135336,INF789FA1S24,INF789FA1S32,UTI Dynamic Term Fund,Regular Plan,Discontinued Flexi IDCW,17.1909,2026-10-06
149050,-,INF846K011B0,Axis Floating Interest Rates Fund,Direct Plan,Daily IDCW Option,1000.0275,2026-10-06
148716,-,INF194KB1BC1,BANDHAN FLOATING INTEREST RATES FUND,Direct Plan,Weekly IDCW,10.1369,2026-10-06
148705,INF194KB1AP5,-,BANDHAN FLOATING INTEREST RATES FUND,Regular Plan,Growth,13.8624,2026-10-06
148717,INF194KB1BJ6,INF194KB1BK4,BANDHAN FLOATING INTEREST RATES FUND,Direct Plan,Annual IDCW,10.5495,2026-10-06
106838,-,INF179K01699,HDFC Floating Interest Rates Fund,Regular Plan,Daily IDCW Option,10.0775,2026-10-06
101804,INF109K01AW3,-,ICICI Prudential Floating Interest Rates Fund,Regular Plan,Daily IDCW,100.7796,2026-10-06
147265,-,INF174KA1EB2,Kotak Floating Interest Rates Fund,Regular Plan,STANDARD Reinvestment of Income Distribution cum capital withdrawal option,1445.7465,2026-10-06
118656,INF204K01E05,-,Nippon India Floating Interest Rates Fund,Direct Plan,Growth Option,51.0076,2026-10-06
118661,INF204K01C98,INF204K01D06,Nippon India Floating Interest Rates Fund,Direct Plan,QUARTERLY IDCW Option,10.8581,2026-10-06
149004,INF277KA1117,-,Tata Floating Interest Rates Fund,Regular Plan,IDCW Monthly Payout Option,13.6905,2026-10-06
149036,-,INF277KA1133,Tata Floating Interest Rates Fund,Regular Plan,IDCW Periodic Dividend Reinvestment Option,13.6905,2026-10-06
145296,INF789F1ADC7,INF789F1ADD5,UTI Floating Interest Rates Fund,Direct Plan,Half yearly IDCW,1539.6,2026-10-06
145287,INF789F1ACO4,-,UTI Floating Interest Rates Fund,Regular Plan,Growth,1605.5033,2026-10-06
145292,INF789F1ACV9,INF789F1ACW7,UTI Floating Interest Rates Fund,Regular Plan,Flexi IDCW,1467.7136,2026-10-06
120448,INF846K01DF9,INF846K01DE2,Axis Gilt Fund,Direct Plan,Half Yearly IDCW Option,12.2474,2026-10-06
101187,INF955L01450,-,BARODA BNP PARIBAS GILT FUND,Regular Plan,Growth Option,43.7689,2026-10-06
118299,INF760K01FC4,-,Canara Robeco Gilt Fund,Direct Plan,GROWTH OPTION,83.277,2026-10-06
140298,INF843K01GS2,-,Edelweiss Gilt Fund,Direct Plan,Growth,26.4431,2026-10-06
140304,INF843K01GW4,-,Edelweiss Gilt Fund,Direct Plan,Weekly IDCW,13.2948,2026-10-06
140310,INF843K01HL5,INF843K01HK7,Edelweiss Gilt Fund,Regular Plan,Annual IDCW,22.9875,2026-10-06
100493,INF090I01CU9,-,Franklin India Gilt Fund,Regular Plan,Growth,61.2872,2026-10-06
120520,INF205K01SN0,-,Invesco India Gilt Fund,Direct Plan,Growth,3205.609,2026-10-06
107476,INF205K01SJ8,INF205K01SK6,Invesco India Gilt Fund,Regular Plan,Annual IDCW,1156.1036,2026-10-06
100319,INF767K01733,-,LIC MF Gilt Fund,,Growth,34.7379,2026-10-06
101945,-,-,Tata Gilt Fund,,,34.2334,2025-02-28
101042,INF277K01519,-,Tata Gilt Fund,Regular Plan,Growth Option,78.9601,2026-10-06
102510,INF789F01661,-,UTI - Gilt Fund,Regular Plan,Growth,65.4573,2026-10-06
154049,-,INF2JJD01011,Abakkus Liquid Fund,Direct Plan,Daily IDCW Reinvestment,100.0881,2026-10-06
154048,-,INF2JJD01086,Abakkus Liquid Fund,Regular Plan,Monthly IDCW Reinvestment,100.37,2026-10-06
154521,-,-,Abakkus Liquid Fund,Direct Plan,Unclaimed Redemption Less Than 3 years,101.2747,2026-10-06
100046,INF209K01KQ2,INF209K01SQ5,Aditya Birla Sun Life Liquid Fund,Regular Plan,Daily IDCW,100.195,2026-10-06
128954,INF846K01NH4,-,Axis Liquid Fund,Direct Plan,Bonus Option,2215.5705,2020-05-05
112712,-,INF846K01362,Axis Liquid Fund,,Daily IDCW Option,1000.9559,2026-10-06
116803,INF955L01534,INF955L01542,BARODA BNP PARIBAS LIQUID FUND,,,0,2013-05-03
142245,-,-,BARODA BNP PARIBAS LIQUID FUND,,,1000,2022-03-14
142247,-,-,BARODA BNP PARIBAS LIQUID FUND,,,1387.3652,2022-03-14
118307,-,INF760K01FS0,Canara Robeco Liquid Fund,Direct Plan,DAILY IDCW (Reinvestment),1005.5,2026-10-06
139235,INF760K01IC8,-,Canara Robeco Liquid Fund,Direct Plan,Unclaimed Redemption and Dividend Plan-Growth Option,1865.4565,2026-10-06
119125,INF740K01QL4,-,DSP Liquid Fund,Direct Plan,Growth,4079.911,2026-10-06
119139,INF666M01519,INF666M01493,Groww Liquid Fund,Direct Plan,Monthly - Income Distribution cum capital withdrawal,1030.2015,2026-10-06
115995,INF666M01071,INF666M01055,Groww Liquid Fund,Regular Plan,Monthly - Income Distribution cum capital withdrawal,1002.5124,2026-10-06
118909,-,INF336L01BS6,HSBC Liquid Fund,Regular Plan,Institutional Daily IDCW,1562.8262,2026-10-06
104489,-,INF205K01HH5,Invesco India Liquid Fund,Regular Plan,Weekly IDCW,1004.2412,2026-10-06
139390,-,-,Invesco India Liquid Fund,Direct Plan,Growth,1000,2026-10-06
139388,-,-,Invesco India Liquid Fund,Direct Plan,Growth,1000,2026-10-06
120411,-,INF192K01CH6,JM Liquid Fund,Direct Plan,Daily IDCW Option,10.4302,2026-10-06
120406,INF192K01CM6,-,JM Liquid Fund,Direct Plan,Growth Option,77.7928,2026-10-06
101078,-,INF192K01833,JM Liquid Fund,Regular Plan,Daily IDCW Option,10.4302,2026-10-06
100247,INF192K01981,-,JM Liquid Fund,Regular Plan,Super Institutional Plan - Growth Option,44.1997,2026-10-06
100233,INF192K01841,INF192K01858,JM Liquid Fund,Regular Plan,Weekly IDCW Option,11.0035,2026-10-06
148415,-,-,JM Liquid Fund,,,41.4437,2025-03-27
119764,-,INF174K01NH1,Kotak Liquid Fund,Direct Plan,Daily Reinvestment of Income Distribution cum capital withdrawal option,1222.81,2026-10-06
153586,INF174KA1WK5,INF174KA1WM1,Kotak Liquid Fund,Direct Plan,Weekly - Reinvestment & Payout of Income Distribution cum capital withdrawal option,1044.1512,2026-10-06
139534,-,INF174V01028,Mahindra Manulife Liquid Fund,Regular Plan,Daily IDCW,1001.6922,2026-10-06
139541,-,INF174V01036,Mahindra Manulife Liquid Fund,Regular Plan,Weekly IDCW,1010.3917,2026-10-06
139540,-,-,Mahindra Manulife Liquid Fund,,Unclaimed Redemption / IDCW Beyond 3 years,1000,2021-11-30
118861,-,INF769K01CO7,Mirae Asset Liquid Fund,Direct Plan,Daily IDCW,1075.8332,2026-10-06
118859,INF769K01CM1,-,Mirae Asset Liquid Fund,Direct Plan,Growth,3010.815,2026-10-06
111646,INF769K01788,-,Mirae Asset Liquid Fund,Regular Plan,Growth,2955.7581,2026-10-06
111644,INF769K01PC4,INF769K01812,Mirae Asset Liquid Fund,Regular Plan,Weekly IDCW,1153.9583,2026-10-06
120558,-,INF789F1AD38,UTI - Liquid Fund,Direct Plan,Daily IDCW (Reinvestment),106.5304,2026-10-06
102011,INF789F1AF93,INF789F1AG01,UTI - Liquid Fund,Regular Plan,Monthly IDCW,109.1957,2026-10-06
102013,INF789F1AH83,INF789F1AG19,UTI - Liquid Fund,Regular Plan,Weekly IDCW,105.5039,2026-10-06
145968,INF03VN01126,-,WhiteOak Capital Liquid Fund,Regular Plan,Growth Option,1515.41,2026-10-06
151177,-,INF846K016L8,Axis Long Term Fund,Regular Plan,Daily IDCW Option,983.9039,2026-10-06
153103,INF090I01YA5,INF090I01XZ4,Franklin India Long Term Fund,Direct Plan,IDCW,10.3812,2026-10-06
100367,INF109K01EZ8,INF109K01399,ICICI Prudential Long Term Fund,Regular Plan,Quarterly IDCW,12.0869,2026-10-06
152492,INF174KA1RG3,INF174KA1RH1,Kotak Long Term Fund,Direct Plan,IDCW,11.0829,2026-10-06
152490,INF174KA1RD0,INF174KA1RE8,Kotak Long Term Fund,Regular Plan,IDCW,11.0009,2026-10-06
151523,INF789F1AYB5,-,UTI Long Term Fund,Direct Plan,Growth,12.219,2026-10-06
151532,INF789F1AXZ6,INF789F1AYA7,UTI Long Term Fund,Regular Plan,Flexi IDCW,11.82,2026-10-06
151529,INF789F1AXV5,INF789F1AXW3,UTI Long Term Fund,Regular Plan,Half yearly IDCW,11.8201,2026-10-06
119541,INF209KA1KP8,-,Aditya Birla Sun Life Medium Term Fund,Direct Plan,Quarterly IDCW,14.3643,2026-10-06
119539,INF209K01XA9,-,Aditya Birla Sun Life Medium Term Fund,Direct Plan,GROWTH,48.0487,2026-10-06
111809,INF209K01637,INF209KB1OJ2,Aditya Birla Sun Life Medium Term Fund,Regular Plan,Quarterly IDCW,13.5907,2026-10-06
128958,INF846K01NO0,-,Axis Medium Term Fund,Regular Plan,Bonus Option,13.256,2015-01-30
118399,INF194K01T59,INF194K01T42,Bandhan Medium Term Fund,Direct Plan,Bi-Monthly IDCW,10.591,2026-10-06
118401,INF194K01S50,-,Bandhan Medium Term Fund,Direct Plan,Growth,53.4357,2026-10-06
118922,INF740K01NB2,INF740K01ND8,DSP Medium Term Fund,Direct Plan,IDCW,11.7459,2026-10-06
101989,INF179K01913,-,HDFC Medium Term Fund,Regular Plan,Growth Option,60.3796,2026-10-06
119081,INF179K01WI9,-,HDFC Medium Term Fund,Direct Plan,Growth Option,66.0583,2026-10-06
151150,INF917K01WF8,INF917K01WC5,HSBC Medium Term Fund,Direct Plan,Annual IDCW,11.697,2026-10-06
151148,INF917K01TM0,INF917K01TL2,HSBC Medium Term Fund,Direct Plan,IDCW,11.4083,2026-10-06
151147,INF917K01TJ6,INF917K01TI8,HSBC Medium Term Fund,Regular Plan,IDCW,10.5016,2026-10-06
113136,INF109K01UO8,INF109K01UN0,ICICI Prudential Medium Term Fund,,,10.4491,2016-01-28
102743,INF109K01AJ0,-,ICICI Prudential Medium Term Fund,,,32.0584,2020-04-24
120671,INF109K018A9,INF109K019A7,ICICI Prudential Medium Term Fund,Direct Plan,Quarterly IDCW,11.6633,2026-10-06
148284,INF204KB16Q0,INF204KB17Q8,Nippon India Medium Term Fund (Existing Number of Segregated Portfolios - 1),Direct Plan,IDCW Option,0,2026-10-06
148289,INF204KB18Q6,INF204KB19Q4,Nippon India Medium Term Fund (Existing Number of Segregated Portfolios - 1),Direct Plan,QUARTERLY IDCW Option,0,2026-10-06
148290,INF204KB12R7,INF204KB13R5,Nippon India Medium Term Fund (Existing Number of Segregated Portfolios - 1),Regular Plan,IDCW Option,0,2026-10-06
148287,INF204KB14R3,INF204KB15R0,Nippon India Medium Term Fund (Existing Number of Segregated Portfolios - 1),Regular Plan,QUARTERLY IDCW Option,0,2026-10-06
130053,INF204KA1QB0,INF204KA1QD6,Nippon India Medium Term Fund (Existing Number of Segregated Portfolios - 1),Regular Plan,IDCW Option,14.4277,2026-10-06
148283,INF204KB11R9,-,Nippon India Medium Term Fund (Existing Number of Segregated Portfolios - 1),Regular Plan,Bonus Option,0,2026-10-06
148288,INF204KB15Q2,-,Nippon India Medium Term Fund (Existing Number of Segregated Portfolios - 1),Direct Plan,Bonus Option,0,2026-10-06
148285,INF204KB10R1,-,Nippon India Medium Term Fund (Existing Number of Segregated Portfolios - 1),Direct Plan,Growth Option,0,2026-10-06
148286,INF204KB16R8,-,Nippon India Medium Term Fund (Existing Number of Segregated Portfolios - 1),Regular Plan,Growth Option,0,2026-10-06
102053,INF200K01719,-,SBI MEDIUM TERM FUND,Regular Plan,Growth,54.8634,2026-10-06
134500,INF789FB1KA4,INF789FB1KB2,UTI Medium Term Fund,Regular Plan,Annual IDCW,14.0304,2026-10-06
134499,INF789FB1JU4,-,UTI Medium Term Fund,Regular Plan,Growth,19.1291,2026-10-06
118396,INF194K01S35,INF194K01S27,Bandhan Medium to Long Term Fund,Direct Plan,Quarterly IDCW,12.7872,2026-10-06
108766,INF194K01IN7,INF194K01IM9,Bandhan Medium to Long Term Fund,Regular Plan,Annual IDCW,11.9626,2026-10-06
152852,INF090I01XH2,INF090I01XI0,Franklin India Medium to Long Term Fund,Direct Plan,IDCW,10.524,2026-10-06
120101,INF336L01EO9,INF336L01EP6,HSBC Medium to Long Term Fund,Direct Plan,Quarterly IDCW,10.3353,2026-10-06
120618,INF109K01V75,INF109K01V91,ICICI Prudential Medium to Long Term Fund,Direct Plan,IDCW Quarterly,11.8103,2026-10-06
100300,INF174K01EQ1,INF174K01EP3,Kotak Medium to Long Term Fund,Regular Plan,Standard IDCW Option,48.7242,2026-10-06
151988,INF397L01GA5,-,LIC MF Medium to Long Term Fund,Direct Plan,Quarterly IDCW,19.8587,2026-10-06
151989,INF397L01FX9,-,LIC MF Medium to Long Term Fund,Regular Plan,Annual IDCW,16.5799,2026-10-06
118681,INF204K01YR2,INF204K01YS0,Nippon India Medium to Long Term Fund,Direct Plan,HALF YEARLY - IDCW Option,13.3221,2026-10-06
118679,INF204K01F38,-,Nippon India Medium to Long Term Fund,Direct Plan,Bonus Option,29.916,2026-10-06
100385,INF204K01CR8,INF204K01CS6,Nippon India Medium to Long Term Fund,Regular Plan,HALF YEARLY - IDCW Option,12.3792,2026-10-06
147571,-,INF846K01Q70,Axis Money Market Fund,Direct Plan,Daily IDCW Option,1005.6131,2026-10-06
147567,INF846K01Q62,-,Axis Money Market Fund,Direct Plan,Growth Option,1569.1106,2026-10-06
147572,INF846K01R12,INF846K01R04,Axis Money Market Fund,Direct Plan,Monthly IDCW Option,1011.0384,2026-10-06
151894,INF0QA701433,INF0QA701425,Bajaj Finserv Money Market Fund,Direct Plan,Monthly-IDCW,1038.7409,2026-10-06
151892,INF0QA701482,INF0QA701474,Bajaj Finserv Money Market Fund,Regular Plan,Monthly-IDCW,1046.8855,2026-10-06
147373,INF955L01IG3,-,Baroda BNP Paribas Money Market Fund,Direct Plan,Monthly IDCW Option,1035.5972,2026-10-06
147380,-,INF955L01HZ5,Baroda BNP Paribas Money Market Fund,Regular Plan,Daily IDCW Option,1005.9752,2026-10-06
147381,INF251K01VS7,INF955L01IA6,Baroda BNP Paribas Money Market Fund,Regular Plan,Weekly IDCW Option,1000.1563,2026-10-06
154425,INF740KA1ZB2,INF740KA1ZC0,DSP Money Market Fund,Regular Plan,Weekly IDCW,10.0076,2026-10-06
123288,-,INF740KA1PB3,DSP Money Market Fund,Direct Plan,Daily IDCW,10.1527,2026-10-06
100089,INF740K01722,INF740K01AK0,DSP Money Market Fund,Regular Plan,Monthly IDCW,11.0294,2026-10-06
153991,INF666M01MX1,INF666M01MY9,Groww Money Market Fund,Direct Plan,Income Distribution cum capital withdrawal,10.5258,2026-10-06
151055,-,INF917K01FD8,HSBC Money Market Fund,Direct Plan,Daily IDCW,10.8591,2026-10-06
151048,INF917K01BC9,-,HSBC Money Market Fund,Regular Plan,Growth,28.569,2026-10-06
119746,INF174K01MW2,-,Kotak Money Market Fund,Direct Plan,(Growth),4922.1602,2026-10-06
119747,INF174K019O8,INF174K01MX0,Kotak Money Market Fund,Direct Plan,(Monthly Payout of Income Distribution cum capital withdrawal option),1309.0555,2026-10-06
154508,INF174KA1B10,INF174KA1B36,Kotak Money Market Fund,Regular Plan,IDCW Weekly,1001.565,2026-08-20
154462,-,INF769K01RA4,Mirae Asset Money Market Fund,Direct Plan,Weekly IDCW,1364.2044,2026-10-06
154144,INF680P01471,-,Shriram Money Market Fund,Direct Plan,Growth,1046.1146,2026-10-06
153700,INF579M01BD1,-,360 ONE Overnight Fund,Regular Plan,GROWTH Option,1065.9315,2026-10-06
146679,-,INF846K01N99,Axis Overnight Fund,Direct Plan,Daily IDCW Option,1000.5073,2026-10-06
146677,INF846K01N73,INF846K01N81,Axis Overnight Fund,Direct Plan,Monthly IDCW Option,1002.3777,2026-10-06
149988,-,-,Baroda BNP Paribas Overnight Fund,,IDCW Greater than 3 years,1000,2026-10-06
149991,-,-,Baroda BNP Paribas Overnight Fund,,IDCW Up to 3 Yrs,1303.144,2026-10-06
149989,-,-,Baroda BNP Paribas Overnight Fund,,Redemption Up to 3 Yrs,1303.1135,2026-10-06
147194,-,INF955L01HT8,Baroda BNP Paribas Overnight Fund,Regular Plan,Daily IDCW Option,1000.0018,2026-10-06
147198,-,INF955L01HU6,Baroda BNP Paribas Overnight Fund,Regular Plan,Weekly IDCW Option,1000.5933,2026-10-06
154414,-,INF2KCX01079,Choice Overnight Fund,Regular Plan,Daily IDCW,100.1,2026-10-06
154624,-,-,Choice Overnight Fund,Direct Plan,Unclaimed Less than 3 years Redemption,100.7541,2026-10-06
147455,-,INF666M01GU9,Groww Overnight Fund,Regular Plan,Income Distribution cum capital withdrawal,1001.0535,2026-10-06
147454,INF666M01GT1,-,Groww Overnight Fund,Regular Plan,Growth,1414.0218,2026-10-06
149395,-,-,Groww Overnight Fund,,,1000,2026-10-06
152151,INF0R8701087,-,Helios Overnight Fund,Direct Plan,Daily IDCW,1000,2026-10-06
147289,-,INF336L01OM2,HSBC Overnight Fund,Regular Plan,Daily IDCW,1000.0149,2026-10-06
150501,-,-,HSBC Overnight Fund,,,1000,2026-10-06
150499,-,-,HSBC Overnight Fund,Regular Plan,Unclaimed IDCW Below three years,1284.0689,2026-10-06
150500,-,-,HSBC Overnight Fund,,,1000,2026-10-06
150502,-,-,HSBC Overnight Fund,,,1284.0888,2026-10-06
147880,-,INF205KA1072,Invesco India Overnight Fund,Regular Plan,Daily IDCW,1000.1395,2026-10-06
147881,-,INF205KA1080,Invesco India Overnight Fund,Regular Plan,Weekly IDCW,1000.4406,2026-10-06
154070,-,-,JioBlackRock Overnight Fund,,Unclaimed Redemption - Upto 3 years - Growth Option,1044.0342,2026-10-06
147838,-,INF192K01LY2,JM Overnight Fund,Direct Plan,Daily IDCW Option,1000,2026-10-06
147839,-,INF192K01LU0,JM Overnight Fund,Regular Plan,Daily IDCW Option,1000,2026-10-06
147836,INF192K01LX4,-,JM Overnight Fund,Regular Plan,Growth Option,1393.5875,2026-10-06
147834,INF192K01LV8,INF192K01LW6,JM Overnight Fund,Regular Plan,Weekly IDCW Option,1000,2026-10-06
149826,INF192K01MK9,-,JM Overnight Fund,Direct Plan,Unclaimed Redemption I.E.F - Growth Plan,1073.9936,2026-10-06
147736,INF769K01FG6,-,Mirae Asset Overnight Fund,Direct Plan,Growth,1417.9365,2026-10-06
147742,INF769K01FD3,INF769K01FH4,Mirae Asset Overnight Fund,Regular Plan,Monthly IDCW,1001.6382,2026-10-06
147741,-,INF769K01FM4,Mirae Asset Overnight Fund,Regular Plan,Weekly IDCW,1000.8308,2026-10-06
154705,INF2ZSC01085,INF2ZSC01069,Monarch Overnight Fund,Direct Plan,Monthly IDCW,1001.4818,2026-10-06
154710,-,INF2ZSC01036,Monarch Overnight Fund,Regular Plan,Daily IDCW,1000,2026-10-06
152116,-,-,NJ Overnight Fund,,Unclaimed Redemption Plan - Upto 3 Years,1111.3058,2026-10-06
150631,INF0K1H01040,-,Samco Overnight Fund,Direct Plan,Growth,1261.0139,2026-10-06
153021,-,-,Samco Overnight Fund,,,1103.1717,2026-10-06
154394,INF680P01497,-,Shriram Overnight Fund,Direct Plan,Growth,1276.7336,2026-10-06
154654,INF740KA1ZM9,-,DSP Financial Services Sectoral Debt Fund,Direct Plan,Growth,10.0559,2026-10-06
120510,INF846K01EI1,-,Axis Short Term Fund,Direct Plan,Growth Option,36.3262,2026-10-06
120511,INF846K01EJ9,INF846K01EK7,Axis Short Term Fund,Direct Plan,Monthly IDCW Option,10.0188,2026-10-06
112723,INF846K01602,INF846K01610,Axis Short Term Fund,Regular Plan,Monthly IDCW Option,10.016,2026-10-06
118405,INF194K01U56,INF194K01U49,Bandhan Short Term Fund,Direct Plan,Fortnightly IDCW,10.3784,2026-10-06
131383,INF194KA1SO1,INF194KA1SP8,Bandhan Short Term Fund,Regular Plan,Periodic IDCW,22.7272,2026-10-06
119383,INF761K01751,INF761K01744,BANK OF INDIA SHORT TERM FUND,Direct Plan,Monthly IDCW,15.1273,2026-10-06
111585,INF761K01579,-,BANK OF INDIA SHORT TERM FUND,Regular Plan,Growth,28.4119,2026-10-06
154676,INF955L01IR0,INF955L01IS8,Baroda BNP Paribas Short Term Fund (the scheme has 2 segregated portfolios),Regular Plan,Regular Monthly IDCW Payout,0,2026-10-06
154672,INF955L01IW0,INF955L01IX8,Baroda BNP Paribas Short Term Fund (the scheme has 2 segregated portfolios),Direct Plan,Direct Monthly IDCW Payout and Re-investment,0,2026-10-06
154674,INF955L01IU4,INF955L01IV2,Baroda BNP Paribas Short Term Fund (the scheme has 2 segregated portfolios),Direct Plan,Direct Quarterly IDCW Payout and Re-Investment,0,2026-10-06
154675,INF955L01IO7,-,Baroda BNP Paribas Short Term Fund (the scheme has 2 segregated portfolios),Regular Plan,SG 1 Regular Growth,0,2026-10-06
154677,INF955L01IP4,INF955L01IQ2,Baroda BNP Paribas Short Term Fund (the scheme has 2 segregated portfolios),Regular Plan,Regular Quarterly IDCW Payout and Re-investment,0,2026-10-06
154688,-,-,Baroda BNP Paribas Short Term Fund (the scheme has 2 segregated portfolios),Regular Plan,Defunct Daily IDCW Reinvestment,0,2026-10-06
154689,INF955L01JM9,-,Baroda BNP Paribas Short Term Fund (the scheme has 2 segregated portfolios),Regular Plan,Defunct Growth,0,2026-10-06
154690,INF955L01JP2,INF955L01JQ0,Baroda BNP Paribas Short Term Fund (the scheme has 2 segregated portfolios),Regular Plan,Defunct Monthly IDCW Payout,0,2026-10-06
154691,-,INF955L01JO5,Baroda BNP Paribas Short Term Fund (the scheme has 2 segregated portfolios),Regular Plan,Defunct Weekly IDCW Reinvestment,0,2026-10-06
154678,-,INF955L01JK3,Baroda BNP Paribas Short Term Fund (the scheme has 2 segregated portfolios),Direct Plan,Direct Daily IDCW Reinvestment,0,2026-10-06
154679,INF955L01JF3,-,Baroda BNP Paribas Short Term Fund (the scheme has 2 segregated portfolios),,Direct Growth,0,2026-10-06
154680,INF955L01JI7,INF955L01JJ5,Baroda BNP Paribas Short Term Fund (the scheme has 2 segregated portfolios),,Direct Monthly IDCW Payout and Re-investment,0,2026-10-06
154681,INF955L01JG1,INF955L01JH9,Baroda BNP Paribas Short Term Fund (the scheme has 2 segregated portfolios),Direct Plan,Direct Quarterly IDCW Payout and Re-investment,0,2026-10-06
154682,-,INF955L01JL1,Baroda BNP Paribas Short Term Fund (the scheme has 2 segregated portfolios),,Direct Weekly Reinvestment,0,2026-10-06
154683,-,INF955L01JD8,Baroda BNP Paribas Short Term Fund (the scheme has 2 segregated portfolios),,Regular Daily IDCW Reinvestment,0,2026-10-06
154684,INF955L01IY6,-,Baroda BNP Paribas Short Term Fund (the scheme has 2 segregated portfolios),,SG 2 Regular Growth,0,2026-10-06
154685,INF955L01JB2,INF955L01JC0,Baroda BNP Paribas Short Term Fund (the scheme has 2 segregated portfolios),,Regular Monthly IDCW Payout and Re-investment,0,2026-10-06
154686,INF955L01IZ3,-,Baroda BNP Paribas Short Term Fund (the scheme has 2 segregated portfolios),Regular Plan,Regular Quarterly IDCW Payout,0,2026-10-06
154687,-,INF955L01JE6,Baroda BNP Paribas Short Term Fund (the scheme has 2 segregated portfolios),Regular Plan,Regular Weekly IDCW Reinvestment,0,2026-10-06
154673,INF955L01IT6,-,Baroda BNP Paribas Short Term Fund (the scheme has 2 segregated portfolios),Direct Plan,SG1 Direct Growth,0,2026-10-06
118320,INF760K01DX5,-,Canara Robeco Short Term Fund,Direct Plan,GROWTH OPTION,29.6316,2026-10-06
115077,INF760K01BM2,-,Canara Robeco Short Term Fund,Regular Plan,GROWTH OPTION,26.9469,2026-10-06
154539,INF090I01YU3,INF090I01YV1,Franklin India Short Term Fund,Regular Plan,IDCW,10.06,2026-10-06
123707,INF666M01AI7,INF666M01AF3,Groww Short Term Fund,Direct Plan,Monthly - Income Distribution cum capital withdrawal,1020.2139,2026-10-06
123709,INF666M01AN7,INF666M01AK3,Groww Short Term Fund,Regular Plan,Weekly - Income Distribution cum capital withdrawal,1019.5708,2026-10-06
113047,INF179K01CU6,-,HDFC Short Term Fund,Regular Plan,Growth Option,34.1748,2026-10-06
133368,INF179KA1Q79,-,HDFC Short Term Fund,Regular Plan,Normal IDCW Option,20.308,2026-10-06
120559,-,INF205K01UE5,Invesco India Short Term Fund,Direct Plan,Daily IDCW,1021.4402,2026-10-06
120562,-,INF205K01UK2,Invesco India Short Term Fund,Direct Plan,Weekly IDCW,1020.66,2026-10-06
117973,-,INF205K01UD7,Invesco India Short Term Fund,Regular Plan,Daily IDCW,1033.7592,2026-10-06
105185,INF205K01UN6,-,Invesco India Short Term Fund,Regular Plan,Growth,3773.064,2026-10-06
116110,INF205K01UL0,INF205K01UM8,Invesco India Short Term Fund,Regular Plan,Discretionary IDCW,2814.5413,2026-10-06
150545,INF192K01MP8,-,JM Short Term Fund,Direct Plan,Growth Option,13.1563,2026-10-06
120469,-,INF192K01DZ6,JM Short Term Fund-closed,,,14.6036,2020-09-25
135500,INF174K01Z14,INF174K01Z22,Kotak Short Term Fund,Direct Plan,Standard Income Distribution cum capital withdrawal option,16.297,2026-10-06
151959,INF397L01BH1,INF397L01BI9,LIC MF Short Term Fund,Direct Plan,Monthly IDCW,16.6927,2026-10-06
145952,INF767K01PT2,-,LIC MF Short Term Fund,Regular Plan,Growth,15.4596,2026-10-06
151955,INF397L01406,INF397L01414,LIC MF Short Term Fund,Regular Plan,Monthly IDCW,15.0586,2026-10-06
148728,INF174V01AL7,INF174V01AK9,Mahindra Manulife Short Term Fund,Regular Plan,IDCW,11.5158,2026-10-06
142643,INF769K01DV0,INF769K01DW8,Mirae Asset Short Term Fund,Regular Plan,IDCW,16.6227,2026-10-06
101665,INF204K01FL4,-,Nippon India Short Term Fund,Regular Plan,Growth Option,56.2955,2026-10-06
119816,INF200K01VE4,-,SBI SHORT TERM FUND,Direct Plan,Growth,36.4755,2026-10-06
106233,INF200K01HV7,INF200K01HW5,SBI SHORT TERM FUND,Regular Plan,IDCW,18.8774,2026-10-06
149588,INF173K01GQ8,INF173K01GR6,Sundaram Short Term Fund (Formerly Known as Sundaram Short Duration Fund),Direct Plan,IDCW (Income Distribution CUM Capital Withdrawal),13.2145,2026-10-06
149736,-,INF903JA1KI5,Sundaram Short Term Fund (Formerly Known as Sundaram Short Duration Fund),Regular Plan,Bonus,16.0336,2025-06-27
149585,INF173K01BA3,-,Sundaram Short Term Fund (Formerly Known as Sundaram Short Duration Fund),Regular Plan,GROWTH,47.1622,2026-10-06
133975,INF277K01P12,INF277K01P20,Tata Short Term Fund,Regular Plan,Periodic Payout of IDCW Option,26.7831,2026-10-06
149076,INF0GCD01370,-,TRUSTMF Short Term Fund,Direct Plan,Growth,1365.5126,2026-10-06
149078,INF0GCD01396,INF0GCD01404,TRUSTMF Short Term Fund,Direct Plan,Monthly Income Distribution Cum Capital Withdrawal,1164.0224,2026-10-06
135497,INF789FA1R33,INF789FA1R41,UTI Short Term Fund,Direct Plan,Annual IDCW,13.6836,2026-10-06
124962,INF789FB1T70,INF789FB1T62,UTI Short Term Fund,Direct Plan,Discontinued Flexi IDCW,19.9321,2026-10-06
106383,INF789F01AH3,INF789F01AI1,UTI Short Term Fund,Regular Plan,Discontinued Dividend Sub Option,25.0973,2026-10-06
106384,INF789F01AJ9,-,UTI Short Term Fund,Regular Plan,Discontinued Growth Sub  Option,47.4744,2026-10-06
131547,INF789F01QB2,INF789F01QC0,UTI Short Term Fund,Regular Plan,Monthly IDCW,11.9167,2026-10-06
105887,INF209K01MA2,-,Aditya Birla Sun Life Ultra Short Term Fund,Regular Plan,Weekly IDCW,100.4463,2026-10-06
144753,-,INF846K01F57,Axis Ultra Short Term Fund,Direct Plan,Daily IDCW Option,10.0338,2026-10-06
144755,INF846K01F99,INF846K01F81,Axis Ultra Short Term Fund,Direct Plan,Monthly IDCW Option,10.0392,2026-10-06
144757,INF846K01F73,INF846K01F65,Axis Ultra Short Term Fund,Direct Plan,Weekly IDCW Option,10.051,2026-10-06
144754,INF846K01F40,-,Axis Ultra Short Term Fund,Direct Plan,Growth Option,16.9909,2026-10-06
144195,INF194KA11S2,INF194KA12S0,BANDHAN ULTRA SHORT TERM FUND,Direct Plan,Monthly IDCW,10.051,2026-10-06
144194,INF194KA15Q7,INF194KA16Q5,BANDHAN ULTRA SHORT TERM FUND,Regular Plan,Monthly IDCW,10.0563,2026-10-06
144189,INF194KA14R8,INF194KA15R5,BANDHAN ULTRA SHORT TERM FUND,Regular Plan,Weekly IDCW,10.0793,2026-10-06
119379,INF761K01892,-,BANK OF INDIA ULTRA SHORT TERM FUND,Direct Plan,Growth,3541.7451,2026-10-06
126389,INF761K01CS5,-,BANK OF INDIA ULTRA SHORT TERM FUND,Direct Plan,Bonus,3526.4028,2026-10-06
111970,-,INF761K01CW7,BANK OF INDIA ULTRA SHORT TERM FUND,Regular Plan,Daily IDCW,1005,2026-10-06
143507,-,INF955L01GW4,Baroda BNP Paribas Ultra Short Term Fund,Regular Plan,Daily IDCW Option,1006.2583,2026-10-06
118317,INF760K01GM1,-,Canara Robeco Ultra Short Term Fund,Direct Plan,GROWTH OPTION,4377.9231,2026-10-06
118318,INF760K01GP4,INF760K01GO7,Canara Robeco Ultra Short Term Fund,Direct Plan,MONTHLY IDCW (Payout/Reinvestment),1001.4413,2026-10-06
109372,-,INF760K01DA3,Canara Robeco Ultra Short Term Fund,Regular Plan,DAILY IDCW (Reinvestment),1240.71,2026-10-06
109366,INF760K01DE5,INF760K01DF2,Canara Robeco Ultra Short Term Fund,Regular Plan,WEEKLY IDCW (Payout/Reinvestment),1242.0867,2026-10-06
119205,INF740K01ON5,-,DSP Ultra Short Term Fund,Direct Plan,Growth,4020.5976,2026-10-06
117063,INF740K01QS9,INF740K01QR1,DSP Ultra Short Term Fund,Regular Plan,Monthly IDCW,1082.0234,2026-10-06
104139,-,-,DSP Ultra Short Term Fund,Regular Plan,Weekly IDCW Reinvestment,1005.907,2026-10-06
154623,INF754K01XS6,INF754K01XT4,Edelweiss Ultra Short Term Fund,Direct Plan,IDCW,1007.9522,2026-10-06
120542,INF205K01TI8,INF205K01TJ6,Invesco India Ultra Short Term Fund,Direct Plan,Monthly IDCW,1360.5839,2026-10-06
114361,INF205K01TD9,INF205K01TE7,Invesco India Ultra Short Term Fund,Regular Plan,Annual IDCW,1163.5213,2026-10-06
148916,INF00XX01AL7,INF00XX01AI3,ITI Ultra Short Term Fund,Direct Plan,Monthly IDCW Option,1002.7374,2026-10-06
148917,INF00XX01AD4,INF00XX01AA0,ITI Ultra Short Term Fund,Regular Plan,Annually IDCW Option,1326.1453,2026-10-06
148914,INF00XX01AC6,INF00XX01994,ITI Ultra Short Term Fund,Regular Plan,Monthly IDCW Option,1002.582,2026-10-06
148907,-,INF00XX01978,ITI Ultra Short Term Fund,Regular Plan,Weekly IDCW Option,1001.2415,2026-10-06
154608,INF174KA1E41,INF174KA1E25,Kotak Ultra Short Term Fund,Direct Plan,IDCW,10.1013,2026-10-06
154607,INF174KA1E33,INF174KA1E58,Kotak Ultra Short Term Fund,Regular Plan,IDCW,10.033,2026-10-01
119750,INF174K01JP2,-,Kotak Ultra Short Term Fund,Direct Plan,Growth,48.6851,2026-10-06
102592,INF174K01FH7,-,Kotak Ultra Short Term Fund,Regular Plan,Monthly Payout of Income Distribution cum capital withdrawal option,10.7476,2026-10-06
147769,INF767K01QR4,INF767K01QQ6,LIC MF Ultra Short Term Fund,Direct Plan,Weekly IDCW,1103.2181,2026-10-06
147766,-,INF767K01QJ1,LIC MF Ultra Short Term Fund,Regular Plan,Daily IDCW,1093.4116,2026-10-06
147768,INF767K01QN3,INF767K01QM5,LIC MF Ultra Short Term Fund,Regular Plan,Monthly IDCW,1419.5262,2026-10-06
147733,-,INF174V01895,Mahindra Manulife Ultra Short Term Fund,Direct Plan,Daily IDCW,1271.3298,2026-10-06
147732,-,INF174V01903,Mahindra Manulife Ultra Short Term Fund,Direct Plan,Weekly IDCW,1001.0942,2026-10-06
148529,INF769K01GK6,-,Mirae Asset Ultra Short-Term Fund,Direct Plan,Growth,1436.79,2026-10-06
143497,INF204K01YI1,INF204K01YJ9,Nippon India Ultra Short Term Fund,Direct Plan,MONTHLY IDCW Option,1035.9237,2026-10-06
143502,INF204K01YK7,INF204K01YL5,Nippon India Ultra Short Term Fund,Direct Plan,QUARTERLY IDCW Option,1016.6162,2026-10-06
147673,-,INF204KB18H5,Nippon India Ultra Short Term Fund,Regular Plan,DAILY IDCW Option,0,2022-03-10
147681,-,INF204KB11H0,Nippon India Ultra Short Term Fund,Direct Plan,DAILY IDCW Option,0,2022-03-10
147675,INF204KB10H2,-,Nippon India Ultra Short Term Fund,Direct Plan,Growth Option,0,2022-03-10
147676,INF204KB12H8,INF204KB13H6,Nippon India Ultra Short Term Fund,Direct Plan,MONTHLY IDCW Option,0,2022-03-10
147677,INF204KB14H4,INF204KB15H1,Nippon India Ultra Short Term Fund,Direct Plan,QUARTERLY IDCW Option,0,2022-03-10
147682,-,INF204KB16H9,Nippon India Ultra Short Term Fund,Direct Plan,WEEKLY IDCW Option,0,2022-03-10
147674,INF204KB17H7,-,Nippon India Ultra Short Term Fund,Regular Plan,Growth Option,0,2022-03-10
147678,INF204KB19H3,INF204KB10I0,Nippon India Ultra Short Term Fund,Regular Plan,MONTHLY IDCW Option,0,2022-03-10
147679,INF204KB11I8,INF204KB12I6,Nippon India Ultra Short Term Fund,Regular Plan,QUARTERLY IDCW Option,0,2022-03-10
147680,-,INF204KB13I4,Nippon India Ultra Short Term Fund,Regular Plan,WEEKLY IDCW Option,0,2022-03-10
143494,INF204K01YH3,-,Nippon India Ultra Short Term Fund,Direct Plan,Growth Option,4840.2555,2026-10-06
138359,INF223J01QP4,-,PGIM India Ultra Short Term Fund,Direct Plan,Direct IDCW,12.2482,2026-10-06
138362,INF223J01QR0,INF223J01QS8,PGIM India Ultra Short Term Fund,Direct Plan,Direct IDCW,10.2729,2026-10-06
138344,INF223J01FL6,INF223J01FM4,PGIM India Ultra Short Term Fund,Regular Plan,Regular IDCW,15.7834,2026-10-06
138338,INF223J01FW3,-,PGIM India Ultra Short Term Fund,,,10.0215,2019-07-28
100641,INF200K01LJ4,-,SBI ULTRA SHORT TERM FUND,Regular Plan,Growth,6454.3966,2026-10-06
149536,-,INF173K01CV7,Sundaram Ultra Short Term Fund (Formerly Known as Sundaram Ultra Short Duration Fund),Regular Plan,IDCW (Income Distribution CUM Capital Withdrawal),1005.43,2024-06-28
153243,INF582M01KP0,INF582M01KQ8,Union Short Term Fund,Direct Plan,IDCW Option,11.086,2026-10-06
153241,INF582M01KL9,INF582M01KM7,Union Short Term Fund,Regular Plan,IDCW Option,11.0133,2026-10-06
120744,INF789F01TG5,INF789F01TH3,UTI Ultra Short Term Fund,Direct Plan,Daily IDCW (Reinvestment),1642.082,2026-10-06
112082,-,INF789F01PL3,UTI Ultra Short Term Fund,Regular Plan,Discontinued Institutional Periodic,1003.5556,2021-02-25
131511,INF789FA1O69,INF789FA1O77,UTI Ultra Short Term Fund,Regular Plan,Fortnightly IDCW,1325.5243,2026-10-06
147315,INF03VN01183,INF03VN01191,WhiteOak Capital Ultra Short Term Fund,Direct Plan,Fortnightly IDCW Payout / Reinvestment Option,1004.709,2026-10-06
147308,-,INF03VN01258,WhiteOak Capital Ultra Short Term Fund,Regular Plan,Daily IDCW Reinvestment Option,1004.9926,2026-10-06
103193,-,INF209KA1LQ4,Aditya Birla Sun Life Ultra short to short term Fund,Regular Plan,Weekly IDCW,100.5584,2026-10-06
112215,-,INF846K01545,Axis Ultra Short to Short Term Fund,Regular Plan,Daily IDCW Option,1013.2484,2026-10-06
112717,INF846K01479,-,Axis Ultra Short to Short Term Fund,Regular Plan,Growth Option,3129.7419,2026-10-06
108633,INF194K01FW4,INF194K01FV6,BANDHAN ULTRA SHORT TO SHORT TERM FUND,Regular Plan,Daily IDCW,10.1015,2026-10-06
108635,INF194K01FZ7,INF194K01FY0,BANDHAN ULTRA SHORT TO SHORT TERM FUND,Regular Plan,Monthly IDCW,10.1166,2026-10-06
116413,INF194K01UR3,INF194K01US1,BANDHAN ULTRA SHORT TO SHORT TERM FUND,Regular Plan,Quarterly IDCW,11.1947,2026-10-06
108634,INF194K01GC4,INF194K01GB6,BANDHAN ULTRA SHORT TO SHORT TERM FUND,Regular Plan,Weekly IDCW,10.1175,2026-10-06
118372,INF194K01K17,INF194K01K09,BANDHAN ULTRA SHORT TO SHORT TERM FUND,Direct Plan,Monthly IDCW,10.1305,2026-10-06
150167,INF251K01DU1,INF251K01DV9,BARODA BNP PARIBAS ULTRA SHORT TO SHORT TERM FUND,Regular Plan,Monthly IDCW Option,10.2359,2026-10-06
118294,INF760K01ER5,INF760K01ES3,Canara Robeco Ultra Short to Short Term Fund,Direct Plan,WEEKLY IDCW (Payout/Reinvestment),10.2717,2026-10-06
118293,-,INF760K01EM6,Canara Robeco Ultra Short to Short Term Fund,Direct Plan,DAILY IDCW (Reinvestment),10.26,2026-10-06
133928,INF740K014Q9,INF740K015Q6,DSP Ultra Short to Short Term Fund,Direct Plan,Monthly IDCW,11.8507,2026-10-06
133926,INF740K018P2,-,DSP Ultra Short to Short Term Fund,Regular Plan,Growth,21.304,2026-10-06
153417,INF754K01UU8,INF754K01UV6,Edelweiss Ultra Short to Short Term Fund,Regular Plan,IDCW Payout,1030.6477,2026-10-06
153369,INF090I01YG2,INF090I01YF4,Franklin India Ultra Short to Short Term Fund,Direct Plan,IDCW,10.6062,2026-10-06
105547,-,INF179K01541,HDFC Ultra Short to Short Term Fund,,,10.1574,2019-05-10
105543,INF179K01459,INF179K01467,HDFC Ultra Short to Short Term Fund,Regular Plan,Monthly IDCW,10.1573,2026-10-06
101618,INF109K01738,-,ICICI Prudential Ultra Short to Short Term Fund,Regular Plan,Daily IDCW,105.7358,2026-10-06
120397,-,INF109K01O66,ICICI Prudential Ultra Short to Short Term Fund,Direct Plan,Daily IDCW,105.7358,2026-10-06
120399,INF109K01O90,INF109K01O74,ICICI Prudential Ultra Short to Short Term Fund,Direct Plan,IDCW Others,200.3959,2026-10-06
104726,INF205K01HY0,-,Invesco India Ultra Short to Short Term Fund,Regular Plan,Growth,4069.9795,2026-10-06
143612,INF192K01DW3,-,JM Ultra Short to Short Term Fund,Direct Plan,Growth Option,41.1789,2026-10-06
143607,INF192K01AY5,-,JM Ultra Short to Short Term Fund,Regular Plan,Growth Option,39.8431,2026-10-06
143608,-,INF192K01AW9,JM Ultra Short to Short Term Fund,Regular Plan,Weekly IDCW Option,11.41,2026-10-06
101830,INF767K01AO5,-,LIC MF Ultra Short to Short Term fund,Regular Plan,Growth,42.5784,2026-10-06
111675,INF767K01AP2,INF767K01AQ0,LIC MF Ultra Short to Short Term fund,Regular Plan,Weekly IDCW,14.6012,2026-10-06
140617,-,INF174V01275,Mahindra Manulife Ultra Short to Short Term Fund,Direct Plan,Daily IDCW,1279.2693,2026-10-06
140619,INF174V01309,INF174V01291,Mahindra Manulife Ultra Short to Short Term Fund,Direct Plan,Monthly IDCW,1134.2599,2026-10-06
140618,-,INF174V01283,Mahindra Manulife Ultra Short to Short Term Fund,Direct Plan,Weekly IDCW,1030.7754,2026-10-06
140620,INF174V01218,-,Mahindra Manulife Ultra Short to Short Term Fund,Regular Plan,Growth,1754.7886,2026-10-06
140616,INF174V01259,INF174V01242,Mahindra Manulife Ultra Short to Short Term Fund,Regular Plan,Monthly IDCW,1114.6217,2026-10-06
140615,-,INF174V01234,Mahindra Manulife Ultra Short to Short Term Fund,Regular Plan,Weekly IDCW,1053.1338,2026-10-06
118841,INF769K01BP6,INF769K01BT8,Mirae Asset Ultra Short to Short Term Fund,Direct Plan,Monthly IDCW,1161.9873,2026-10-06
107702,INF769K01978,INF769K01AB8,Mirae Asset Ultra Short to Short Term Fund,Regular Plan,Quarterly IDCW,1013.0333,2026-10-06
118705,INF204K01ZZ2,INF204K01A09,Nippon India Ultra Short to Short Term Fund,Direct Plan,QUARTERLY IDCW Option,1016.8258,2026-10-06
118706,INF204K01A17,-,Nippon India Ultra Short to Short Term Fund,Direct Plan,WEEKLY IDCW Option,1012.242,2026-10-06
111752,INF204K01ET0,INF204K01EU8,Nippon India Ultra Short to Short Term Fund,Regular Plan,RETAIL Plan - QUARTERLY IDCW Option,1016.24,2026-10-06
111751,INF204K01ER4,INF204K01ES2,Nippon India Ultra Short to Short Term Fund,Regular Plan,RETAIL Plan - MONTHLY IDCW Option,1033.5138,2026-10-06
119810,-,INF200K01VJ3,SBI Ultra Short to Short Term Fund,Direct Plan,IDCW,1511.7828,2026-10-06
119819,INF200K01VP0,INF200K01VQ8,SBI Ultra Short to Short Term Fund,Direct Plan,IDCW,1513.9967,2026-10-06
106215,INF200K01MM6,INF200K01MN4,SBI Ultra Short to Short Term Fund,Regular Plan,IDCW,1484.904,2026-10-06
149523,-,INF173K01FR8,Sundaram Ultra Short to Short Term Fund (Formerly Known as Sundaram Low Duration Fund),Direct Plan,IDCW (Income Distribution CUM Capital Withdrawal),1009.6449,2024-06-28
149519,INF173K01DG6,-,Sundaram Ultra Short to Short Term Fund (Formerly Known as Sundaram Low Duration Fund),Regular Plan,GROWTH,3700.9135,2026-10-06
119864,-,INF277K018B3,Tata Ultra Short to Short Term Fund,Direct Plan,Daily Reinvestment of IDCW Option,1003.5316,2026-10-06
105578,-,INF789F01349,UTI Ultra Short to Short Term Fund,Regular Plan,Discontinued Periodic Dividend Plan,1079.3176,2026-10-06
133733,INF789FA1N45,INF789FA1N52,UTI Ultra Short to Short Term Fund,Regular Plan,Fortnightly IDCW,1335.5595,2026-10-06
153052,INF846K017Y9,INF846K019Y5,Axis CRISIL-IBX AAA Bond Financial Services - Sep 2027 Index Fund,Direct Plan,IDCW Option,11.381,2026-09-11
152888,INF846K019X7,INF846K011Y2,Axis CRISIL-IBX AAA Bond NBFC - Jun 2027 Index Fund,Direct Plan,IDCW Option,11.6132,2026-10-06
153172,INF846KA1028,-,Axis CRISIL-IBX AAA Bond NBFC-HFC - Jun 2027 Index Fund,Direct Plan,Growth option,11.328,2026-09-11
153879,INF846KA1226,-,Axis CRISIL-IBX Financial Services 3-6 Months Debt Index Fund,Direct Plan,Growth option,10.7056,2026-10-06
153881,INF846KA1234,INF846KA1259,Axis CRISIL-IBX Financial Services 3-6 Months Debt Index Fund,Regular Plan,IDCW option,10.6921,2026-10-06
151576,INF251K01RO4,-,Baroda BNP Paribas NIFTY SDL December 2028 Index Fund,Regular Plan,Growth Option,12.7909,2026-10-06
153635,INF769K01OU9,INF769K01OT1,Mirae Asset CRISIL-IBX Financial Services 9-12 Months Debt Index Fund,Direct Plan,IDCW,10.8063,2026-10-06
150359,INF769K01IG0,INF769K01II6,Mirae Asset Nifty SDL Jun 2027 Index Fund,Direct Plan,IDCW,13.3018,2026-10-06
151692,INF769K01JY1,INF769K01KA9,Mirae Asset Nifty SDL June 2028 Index Fund,Direct Plan,IDCW,12.8896,2026-10-06
154467,INF200KB1BO8,-,SBI Crisil - IBX SDL Index - June 2034 Index Fund,Direct Plan,Growth,9.9045,2026-10-06
153737,INF209KC1597,-,Aditya Birla Sun Life BSE 500 Momentum 50 Index Fund,Direct Plan,IDCW-Payout,10.7463,2026-10-06
153742,INF209KC1639,-,Aditya Birla Sun Life BSE 500 Quality 50 Index Fund,Regular Plan,GROWTH,10.2831,2026-10-06
148806,INF209KB1W58,INF209KB1W66,Aditya Birla Sun Life Nifty Midcap 150 Index Fund,Regular Plan,IDCW Payout,24.0437,2026-10-06
154171,INF846KA1424,-,Axis BSE India Sector Leaders Index Fund,Direct Plan,Growth Option,9.1148,2026-10-06
152424,INF846K013V4,INF846K015V9,Axis BSE Sensex Index Fund,Direct Plan,IDCW Option,10.2922,2026-10-06
149371,INF846K016D5,-,Axis Nifty 50 Index Fund,Regular Plan,Growth Option,13.6663,2026-10-06
152632,INF846K012W4,-,Axis Nifty Bank Index Fund,Regular Plan,Growth Option,11.1787,2026-10-06
154326,INF846KA1523,-,Axis Nifty India Defence Index Fund,Direct Plan,Growth Option,10.3608,2026-10-06
151784,INF846K011S4,INF846K012S2,Axis Nifty IT Index Fund,Regular Plan,IDCW Option,9.6772,2026-10-06
149935,INF846K010I7,INF846K011I5,Axis Nifty Midcap 50 Index Fund,Direct Plan,IDCW Option,20.8372,2026-10-06
149937,INF846K013I1,INF846K014I9,Axis Nifty Midcap 50 Index Fund,Regular Plan,IDCW Option,20.1452,2026-10-06
149467,INF846K012F9,-,Axis Nifty Next 50 Index Fund,Regular Plan,Growth Option,16.827,2026-10-06
153704,INF666M01KT3,-,Groww Nifty 50 Index Fund,Direct Plan,Growth,9.1413,2026-10-06
153230,INF666M01JK4,-,Groww Nifty India Railways PSU Index Fund,Direct Plan,Growth,7.1165,2026-10-06
153232,INF666M01JN8,-,Groww Nifty India Railways PSU Index Fund,Regular Plan,Growth,7.053,2026-10-06
153954,INF666M01MT9,INF666M01MU7,Groww Nifty Midcap 150 Index Fund,Regular Plan,Income Distribution cum capital withdrawal,9.7803,2026-10-06
154283,INF666M01OI8,INF666M01OJ6,Groww Nifty PSU Bank Index Fund,Direct Plan,Income Distribution cum capital withdrawal,9.5046,2026-10-06
154284,INF666M01OK4,-,Groww Nifty PSU Bank Index Fund,Regular Plan,Growth,9.4786,2026-10-06
154285,INF666M01OL2,INF666M01OM0,Groww Nifty PSU Bank Index Fund,Regular Plan,Income Distribution cum capital withdrawal,9.4786,2026-10-06
152434,INF666M01HW3,INF666M01HX1,Groww Nifty Smallcap 250 Index Fund,Regular Plan,Income Distribution cum capital withdrawal,11.7784,2026-10-06
152125,INF666M01HN2,INF666M01HO0,Groww Nifty Total Market Index Fund,Direct Plan,Income Distribution cum capital withdrawal,13.4239,2026-10-06
154750,INF179KC1KV0,-,HDFC BSE REITS and Commercial Real Estate Index Fund,Regular Plan,IDCW Option,9.7202,2026-10-06
154753,INF179KC1KX6,-,HDFC BSE REITS and Commercial Real Estate Index Fund,Direct Plan,Growth Option,9.7228,2026-10-06
154428,INF179KC1KP2,-,HDFC Nifty Auto Index Fund,Regular Plan,Growth Option,9.3476,2026-10-06
151163,INF917K01D53,INF917K01D61,HSBC NIFTY NEXT 50 Index Fund,Direct Plan,IDCW,30.7242,2026-10-06
151161,INF917K01D87,INF917K01E03,HSBC NIFTY NEXT 50 Index Fund,Regular Plan,IDCW,29.872,2026-10-06
154643,INF22M001341,-,JioBlackRock Nifty Midcap 150 Index Fund,Regular Plan,Growth Option,9.3973,2026-10-06
154571,INF174KA1C68,-,Kotak Nifty Bank Index Fund,Direct Plan,Growth,9.551,2026-10-06
154145,INF174KA1YP0,-,Kotak Nifty200 Value 30 Index Fund,Direct Plan,Growth,9.089,2026-10-06
154146,INF174KA1YQ8,INF174KA1YR6,Kotak Nifty200 Value 30 Index Fund,Direct Plan,IDCW,9.089,2026-10-06
154147,INF174KA1YT2,INF174KA1YU0,Kotak Nifty200 Value 30 Index Fund,Regular Plan,IDCW,9.07,2026-10-06
154720,INF769K01RO5,-,Mirae Asset BSE Information Technology Index Fund,Direct Plan,Growth,9.9611,2026-10-06
154703,INF959L01HU8,-,Navi Nifty Reits & Realty Index fund,Regular Plan,Growth,9.9235,2026-10-06
149880,INF789F1AVE5,-,UTI BSE Low Volatility Index Fund,Regular Plan,Growth,14.9451,2026-10-06
148704,INF789F1AUS7,-,UTI Nifty 200 Momentum 30 Index Fund,Regular Plan,Growth,20.1979,2026-10-06
153086,INF789F1AZM9,-,UTI Nifty Alpha Low-Volatility 30 Index Fund,Direct Plan,Growth,9.2014,2026-10-06
154495,INF769K01RD8,-,Mirae Asset Nifty200 Momentum 30 Plus 8-13yr G-Sec 75:25 Index Fund,Regular Plan,Growth,9.9346,2026-10-06
120546,INF209K01YU5,-,Aditya Birla Sun Life Gold Fund,Direct Plan,GROWTH,44.3246,2026-10-06
120545,INF209K01YT7,-,Aditya Birla Sun Life Gold Fund,Direct Plan,IDCW,44.3231,2026-10-06
116796,INF209K01PF4,-,Aditya Birla Sun Life Gold Fund,Regular Plan,GROWTH,42.482,2026-10-06
116795,INF209K01PG2,INF209K01PH0,Aditya Birla Sun Life Gold Fund,Regular Plan,IDCW,42.4799,2026-10-06
150690,INF209KB12M7,-,Aditya Birla Sun Life Multi-Asset Passive FOF,Regular Plan,GROWTH,16.9727,2026-10-06
154206,INF1J2R01155,-,ANGEL ONE SILVER ETF FOF,Direct Plan,Growth,7.6201,2026-10-06
118485,INF194K012B6,-,Bandhan Aggressive Hybrid Passive FOF,Direct Plan,Growth,52.1982,2026-10-06
112331,INF194K01961,INF194K01979,Bandhan Aggressive Hybrid Passive FOF,Regular Plan,IDCW,26.1998,2026-10-06
118487,INF194K017A7,INF194K018A5,Bandhan Conservative Hybrid Passive FOF,Direct Plan,IDCW,17.4908,2026-10-06
154130,INF194KB1KK5,-,Bandhan Gold ETF FOF,Regular Plan,Growth,9.5886,2026-10-06
118408,INF194K01U98,INF194K01U80,Bandhan Income Plus Arbitrage Active FOF,Direct Plan,Annual IDCW,15.1828,2026-10-06
131399,INF194KA1TS0,INF194KA1TT8,Bandhan Income Plus Arbitrage Active FOF,Regular Plan,Periodic IDCW,16.3912,2026-10-06
117867,-,INF194K01F63,Bandhan Income Plus Arbitrage Active FOF,Regular Plan,Weekly IDCW,12.3929,2026-10-06
112330,INF194K01AC7,INF194K01AD5,Bandhan Multi-Asset Passive FOF,Regular Plan,IDCW,20.1378,2026-10-06
153536,INF251K01UT7,-,Baroda BNP Paribas Income Plus Arbitrage Active Fund of Funds,Direct Plan,Growth Option,10.7984,2026-10-06
153540,INF251K01UU5,INF251K01UV3,Baroda BNP Paribas Income Plus Arbitrage Active Fund of Funds,Direct Plan,IDCW Option,10.7984,2026-10-06
153538,INF251K01UX9,INF251K01US9,Baroda BNP Paribas Income Plus Arbitrage Active Fund of Funds,Regular Plan,IDCW Option,10.7704,2026-10-06
152181,INF740KA1TI0,INF740KA1TJ8,DSP Gold ETF Fund of Fund,Regular Plan,IDCW,22.9094,2026-10-06
130492,INF740K01Z27,-,DSP Income Plus Arbitrage Omni FoF,Regular Plan,Growth,22.4939,2026-10-06
153487,INF740KA1VZ0,-,DSP Silver ETF Fund of Fund,Direct Plan,Growth,22.8954,2026-10-06
150989,INF754K01RC2,-,BHARAT Bond ETF FOF - April 2033,Direct Plan,Growth,13.0251,2026-10-06
148448,INF754K01LF8,-,BHARAT Bond FOF- April 2025,Regular Plan,Growth,12.8931,2025-04-16
148450,INF754K01LO0,-,BHARAT Bond FOF- April 2031,Direct Plan,Growth,14.2208,2026-10-06
154209,INF754K01WQ2,-,Edelweiss Gold ETF Fund of Fund,Regular Plan,Growth,9.0896,2026-10-06
153715,INF754K01VG5,INF754K01VH3,Edelweiss Income Plus Arbitrage Omni Fund of Funds,Direct Plan,Dividend Payout,10.4994,2026-10-06
153777,INF754K01VO9,INF754K01VP6,Edelweiss Multi Asset Omni Fund of Fund,Direct Plan,IDCW,11.3026,2026-10-06
154075,INF754K01WD0,-,Edelweiss Silver ETF Fund of Fund,Regular Plan,Growth,9.5858,2026-10-06
118543,INF090I01HV6,-,Franklin India Dynamic Asset Allocation Active Fund of Funds,Direct Plan,Growth,185.1731,2026-10-06
132990,INF090I01LI5,INF090I01LJ3,Franklin India Income Plus Arbitrage Active Fund of Funds,Direct Plan,IDCW,23.3534,2026-10-06
119132,INF179K01VX0,-,HDFC Gold ETF Fund of Fund,Direct Plan,Growth Option,45.8316,2026-10-06
115934,INF179K01LC5,-,HDFC Gold ETF Fund of Fund,Regular Plan,Growth Option,43.6138,2026-10-06
154264,INF179KC1KC0,INF179KC1KD8,HDFC INCOME PLUS ARBITRAGE OMNI FOF,Regular Plan,IDCW OPTION,10.4056,2026-10-06
148900,INF179KC1BE5,-,HDFC Multi-Asset Active FOF,Regular Plan,IDCW Option,19.055,2026-10-06
150736,INF179KC1DV5,-,HDFC Silver ETF Fund of Fund,Regular Plan,Growth Option,35.8319,2026-10-06
102136,INF109K01FR2,INF109K01860,ICICI Prudential Aggressive Hybrid Active FOF - Dividend Option,Regular Plan,IDCW,169.9857,2026-10-06
147645,INF109KC1F42,-,ICICI Prudential Global Advantage Fund (FOF),Direct Plan,IDCW,23.277,2026-10-06
115833,INF109K01TK8,-,ICICI Prudential Gold ETF FOF,Regular Plan,Growth,45.1834,2026-10-06
120314,INF109K01W66,INF109K01W74,ICICI Prudential Income plus Arbitrage Omni FOF,Direct Plan,IDCW,55.7473,2026-10-06
149775,INF109KC1Y98,-,ICICI Prudential Silver ETF FOF,Direct Plan,Growth,33.7422,2026-10-06
149776,INF109KC1Z06,INF109KC1Z14,ICICI Prudential Silver ETF FOF,Direct Plan,IDCW,33.7426,2026-10-06
149777,INF109KC1Y64,-,ICICI Prudential Silver ETF FOF,Regular Plan,Growth,32.9765,2026-10-06
119781,INF174K01MP6,-,Kotak Gold Fund,Direct Plan,Growth,59.3544,2026-10-06
153921,INF174KA1XT4,-,Kotak Gold Silver Passive FOF,Direct Plan,Growth,14.665,2026-10-06
150820,INF174KA1KG8,-,Kotak Income Plus Arbitrage Omni FOF,Regular Plan,Growth,13.1842,2026-10-06
150822,INF174KA1KJ2,-,Kotak Income Plus Arbitrage Omni FOF,Direct Plan,Growth,13.2645,2026-10-06
150823,INF174KA1KK0,INF174KA1KL8,Kotak Income Plus Arbitrage Omni FOF,Direct Plan,IDCW,13.2645,2026-10-06
114617,INF204K01KO8,INF204K01KP5,Nippon India Gold Savings Fund,Regular Plan,IDCW Option,55.8378,2026-10-06
153601,INF204KC1FG0,-,Nippon India Income Plus Arbitrage Active Fund of Fund,Regular Plan,Growth Option,10.7071,2026-10-06
153600,INF204KC1FJ4,-,Nippon India Income Plus Arbitrage Active Fund of Fund,Direct Plan,Growth Option,10.7399,2026-10-06
146513,INF204KB1X25,-,Nippon India Nifty Next 50 Junior BeES FoF,Direct Plan,Growth Option,26.4908,2026-10-06
146515,INF204KB1X41,INF204KB1X33,Nippon India Nifty Next 50 Junior BeES FoF,Direct Plan,IDCW Option,26.4908,2026-10-06
146514,INF204KB1W91,-,Nippon India Nifty Next 50 Junior BeES FoF,Regular Plan,Growth Option,26.0421,2026-10-06
149760,INF204KC1378,-,Nippon India Silver ETF FOF,Direct Plan,Growth Option,33.5655,2026-10-06
149761,INF204KC1352,INF204KC1360,Nippon India Silver ETF FOF,Regular Plan,IDCW Option,32.9904,2026-10-06
112038,INF082J01101,INF082J01119,Quantum Diversified Equity All Cap Active FOF,Direct Plan,IDCW,82.785,2026-10-06
150390,INF082J01416,-,Quantum Nifty 50 ETF FOF,Direct Plan,Growth Option,13.5564,2026-10-06
115676,INF200K01HA1,-,SBI GOLD FUND,Regular Plan,Growth,42.7808,2026-10-06
153499,INF200KB1738,INF200KB1746,SBI Income Plus Arbitrage Active FOF,Regular Plan,IDCW,10.7718,2026-10-06
152735,INF200KB1233,-,SBI Silver ETF Fund of Fund,Direct Plan,Growth,23.5204,2026-10-06
152733,INF200KB1266,-,SBI Silver ETF Fund of Fund,Regular Plan,Growth,23.3365,2026-10-06
154123,INF903JA1LZ7,-,Sundaram Income Plus Arbitrage Active FoF,Direct Plan,GROWTH,10.4358,2026-10-06
153514,-,INF277KA1DR6,Tata Income Plus Arbitrage Active FOF,Regular Plan,IDCW Reinvestment Option,10.6601,2026-10-06
150345,INF277KA1463,-,Tata Nifty India Digital ETF Fund of Fund,Regular Plan,Growth Option,12.8784,2026-10-06
150340,INF277KA1448,-,Tata Nifty India Digital ETF Fund of Fund,Direct Plan,IDCW Payout Option,13.1326,2026-10-06
152295,-,INF277KA1950,Tata Silver ETF Fund of Fund,Direct Plan,IDCW Reinvestment Option,28.8871,2026-10-06
152292,-,INF277KA1927,Tata Silver ETF Fund of Fund,Regular Plan,IDCW Reinvestment Option,28.5169,2026-10-06
153825,INF582M01MA8,INF582M01MB6,Union Diversified Equity All Cap Active FOF,Direct Plan,IDCW Option,10.6629,2026-10-06
153822,INF582M01LV6,-,Union Diversified Equity All Cap Active FOF,Regular Plan,Growth Option,10.5568,2026-10-06
153339,INF582M01KW6,INF582M01KX4,Union Gold ETF Fund of Fund,Direct Plan,IDCW Option,16.7261,2026-10-06
153338,INF582M01KT2,-,Union Gold ETF Fund of Fund,Regular Plan,Growth Option,16.6538,2026-10-06
153576,INF582M01LG7,INF582M01LH5,Union Income Plus Arbitrage Active FOF,Direct Plan,IDCW Option,10.5247,2026-10-06
153573,INF582M01LB8,-,Union Income Plus Arbitrage Active FOF,Regular Plan,Growth Option,10.4647,2026-10-06
153574,INF582M01LC6,INF582M01LD4,Union Income Plus Arbitrage Active FOF,Regular Plan,IDCW Option,10.4647,2026-10-06
132005,INF084M01AZ7,-,Aditya Birla Sun Life Global Excellence Equity Fund Of Fund,Regular Plan,GROWTH,44.8141,2026-10-05
152142,INF209KB13W4,-,Aditya Birla Sun Life US Treasury 1-3 Year Bond ETFs Passive FOF,Regular Plan,GROWTH,12.9542,2026-10-06
152144,INF209KB14W2,INF209KB15W9,Aditya Birla Sun Life US Treasury 1-3 Year Bond ETFs Passive FOF,Regular Plan,IDCW,12.9529,2026-10-06
149100,INF194KB1CC9,-,Bandhan US specific Equity Active FOF,Regular Plan,Growth,20.764,2026-10-06
150286,INF251K01QR9,INF251K01QS7,Baroda BNP Paribas Aqua Fund of Fund,Regular Plan,IDCW Option,15.3685,2026-10-06
119275,INF740K01PC5,-,DSP Global Clean Energy Overseas Equity Omni FoF,Direct Plan,Growth,29.9488,2026-10-06
117691,INF740K01LP6,-,DSP US Specific Equity Omni FoF,Regular Plan,Growth,95.8376,2026-10-06
119277,INF740K01OZ9,-,DSP World Gold Mining Overseas Equity Omni FoF,Direct Plan,Growth,62.6083,2026-10-06
119280,INF740K01PG6,INF740K01PH4,DSP World Mining Overseas Equity Omni FoF,Direct Plan,IDCW,31.9707,2026-10-06
140327,INF843K01IZ3,-,Edelweiss Emerging Markets Opportunities Equity Offshore Fund,Direct Plan,Growth,32.0573,2026-10-06
140328,INF843K01IY6,-,Edelweiss Emerging Markets Opportunities Equity Offshore Fund,Regular Plan,Growth,29.2017,2026-10-06
140242,INF843K01138,-,Edelweiss Greater China Equity Off-shore Fund,Regular Plan,Growth,65.235,2026-10-06
148064,INF754K01LC5,-,Edelweiss US Technology Equity Fund of Fund,Regular Plan,Growth,41.618,2026-10-06
140274,INF843K01EC1,-,Edelweiss US Value Equity Offshore Fund,Direct Plan,Growth,48.8744,2026-10-06
116632,INF090I01EV3,INF090I01EU5,Franklin U. S. Opportunities Equity Active Fund of Funds,Regular Plan,IDCW,94.8342,2026-10-06
123654,INF109KA1CE0,-,ICICI Prudential Global Stable Equity Fund (FOF),Direct Plan,Growth,35.96,2026-10-06
149456,INF109KC1Z22,-,ICICI Prudential Strategic Metal and Energy Equity Fund of Fund,Regular Plan,Growth,32.1103,2026-10-06
148661,INF174KA1FR5,-,Kotak US Specific Equity Passive FOF,Regular Plan,Growth,30.0132,2026-10-06
138456,INF223J01NL0,-,PGIM India Emerging Markets Equity Fund of Fund,Direct Plan,Direct Growth,27.37,2026-10-06
138453,INF223J01AY0,-,PGIM India Emerging Markets Equity Fund of Fund,Regular Plan,Regular Growth,23.72,2026-10-06
149298,INF663L01W63,-,PGIM India Global Select Real Estate Securities Fund of Fund,Direct Plan,Direct Growth,13.06,2026-10-06
153826,INF1J2R01114,-,ANGEL ONE GOLD ETF,Direct Plan,,13.7368,2026-10-06
153930,INF194KB1KJ7,-,Bandhan Gold ETF,Regular Plan,Growth,146.8731,2026-10-06
153933,INF2KCX01012,-,Choice Gold ETF,Direct Plan,Growth,145.9527,2026-10-06
150705,INF209KB13N3,-,Aditya Birla Sun Life Crisil IBX 50:50 Gilt Plus SDL Apr 2028 Index Fund,Regular Plan,IDCW Payout,13.3111,2026-10-06
150351,INF209KB17H6,-,Aditya Birla Sun Life Crisil IBX 60:40 SDL+AAA PSU-APR 2027 Index Fund,Regular Plan,GROWTH,13.1237,2026-10-06
150777,INF209KB10O7,-,Aditya Birla Sun Life Crisil IBX Gilt -Apr 2029 Index Fund,Regular Plan,GROWTH,13.3235,2026-10-06
150778,INF209KB12O3,-,Aditya Birla Sun Life Crisil IBX Gilt -Apr 2029 Index Fund,Direct Plan,GROWTH,13.4097,2026-10-06
152267,INF209KB19Y7,-,Aditya Birla Sun Life Crisil IBX Gilt April 2033 Index Fund,Direct Plan,GROWTH,12.0998,2026-10-06
151428,INF209KB12S4,-,Aditya Birla Sun Life CRISIL IBX SDL Jun 2032 Index Fund,Regular Plan,GROWTH,12.7932,2026-10-06
151426,INF209KB13S2,-,Aditya Birla Sun Life CRISIL IBX SDL Jun 2032 Index Fund,Regular Plan,IDCW Payout,12.7934,2026-10-06
153033,INF209KC1316,-,Aditya Birla Sun Life Crisil-IBX AAA Financial Services Index-Sep 2027 Fund,Regular Plan,Growth,11.4168,2026-10-06
101313,INF209K01LA4,INF209K01LC0,Aditya Birla Sun Life Nifty 50 Index Fund,Regular Plan,IDCW,23.2338,2026-10-06
149794,INF209KB11F3,-,Aditya Birla Sun Life Nifty SDL Apr 2027 Index Fund,Direct Plan,GROWTH,13.3793,2026-10-06
149793,INF209KB12F1,-,Aditya Birla Sun Life Nifty SDL Apr 2027 Index Fund,Direct Plan,IDCW Payout,13.3791,2026-10-06
151561,INF209KB15T5,-,Aditya Birla Sun Life Nifty SDL SEP 2027 Index Fund,Regular Plan,IDCW Payout,12.9018,2026-10-06
153530,INF1J2R01080,-,ANGEL ONE NIFTY 50 INDEX FUND,Regular Plan,Growth,9.3236,2026-10-06
151298,INF846K014N9,INF846K015N6,Axis CRISIL IBX 50:50 Gilt Plus SDL June 2028 Index Fund,Regular Plan,IDCW Option,12.8939,2026-10-06
153508,INF0QA701AY1,-,Bajaj Finserv Nifty 50 Index Fund,Regular Plan,Growth,9.2204,2026-10-06
153507,INF0QA701BJ0,INF0QA701AZ8,Bajaj Finserv Nifty 50 Index Fund,Regular Plan,IDCW,9.2204,2026-10-06
153480,INF0QA701BD3,-,Bajaj Finserv Nifty Next 50 Index Fund,Regular Plan,Growth,11.0529,2026-10-06
150874,INF194KB1ER3,INF194KB1ES1,BANDHAN CRISIL IBX 90:10 SDL PLUS GILT - APRIL 2032 INDEX FUND,Regular Plan,IDCW,10.4293,2026-10-06
150870,INF194KB1EX1,INF194KB1EY9,BANDHAN CRISIL IBX 90:10 SDL PLUS GILT - NOV 2026 INDEX FUND,Regular Plan,IDCW,10.2624,2026-10-06
150889,INF194KB1FA6,INF194KB1FB4,BANDHAN CRISIL IBX 90:10 SDL PLUS GILT - SEPTEMBER 2027 INDEX FUND,Direct Plan,IDCW,10.2948,2026-10-06
150891,INF194KB1FD0,INF194KB1FE8,BANDHAN CRISIL IBX 90:10 SDL PLUS GILT - SEPTEMBER 2027 INDEX FUND,Regular Plan,IDCW,10.2908,2026-10-06
149835,INF194KB1CS5,INF194KB1CT3,BANDHAN NIFTY 100 INDEX FUND,Direct Plan,IDCW,14.3506,2026-10-06
152991,INF194KB1IV6,-,Bandhan Nifty 500 Value 50 Index Fund,Regular Plan,Growth,10.5826,2026-10-06
152177,INF194KB1HA2,-,Bandhan Nifty Alpha 50 Index Fund,Direct Plan,Growth,14.448,2026-10-06
152179,INF194KB1GX6,-,Bandhan Nifty Alpha 50 Index Fund,Regular Plan,Growth,14.1683,2026-10-06
152180,INF194KB1GY4,INF194KB1GZ1,Bandhan Nifty Alpha 50 Index Fund,Regular Plan,IDCW,14.168,2026-10-06
152042,INF194KB1GL1,INF194KB1GM9,Bandhan Nifty IT Index Fund,Direct Plan,IDCW,9.58,2026-10-06
152266,INF194KB1HD6,-,BANDHAN Nifty Smallcap 250 Index Fund,Regular Plan,Growth,12.7301,2026-10-06
150593,INF194KB1DT1,INF194KB1DU9,BANDHAN NIFTY200 MOMENTUM 30 INDEX FUND,Regular Plan,IDCW,14.8961,2026-10-06
153000,INF251K01UA7,-,Baroda BNP Paribas Nifty Midcap 150 Index Fund,Direct Plan,Growth Option,10.5721,2026-10-06
151283,INF251K01RL0,-,Baroda BNP Paribas Nifty SDL December 2026 Index Fund,Direct Plan,Growth Option,12.8756,2026-08-20
154302,INF2KCX01038,-,Choice Nifty 50 Index Fund,Regular Plan,Growth,9.8432,2026-10-06
154304,INF2KCX01046,-,Choice Nifty Next 50 Index Fund,Direct Plan,Growth,10.883,2026-10-06
154303,INF2KCX01053,-,Choice Nifty Next 50 Index Fund,Regular Plan,Growth,10.8611,2026-10-06
153216,INF740KA1UY5,-,DSP BSE SENSEX Next 30 Index Fund,Regular Plan,Growth,11.4544,2026-10-06
141877,INF740KA1CR7,-,DSP Nifty 50 Equal Weight Index Fund,Direct Plan,Growth,25.9525,2026-10-06
146378,INF740KA1MK1,INF740KA1ML9,DSP Nifty 50 Index Fund,Regular Plan,IDCW,18.0806,2026-10-06
154089,INF740KA1XZ6,INF740KA1YA7,DSP Nifty 500 Index Fund,Direct Plan,IDCW,9.2733,2026-10-06
150429,INF740KA1RC7,INF740KA1RD5,DSP Nifty Midcap 150 Quality 50 Index Fund,Direct Plan,IDCW,13.4581,2026-10-06
150427,INF740KA1QY3,-,DSP Nifty Midcap 150 Quality 50 Index Fund,Regular Plan,Growth,13.7914,2026-10-06
146381,INF740KA1MG9,-,DSP Nifty Next 50 Index Fund,Direct Plan,Growth,27.7738,2026-10-06
153348,INF740KA1VN6,-,DSP Nifty Private Bank Index Fund,Direct Plan,Growth,11.1659,2026-10-06
153345,INF740KA1VO4,INF740KA1VP1,DSP Nifty Private Bank Index Fund,Direct Plan,IDCW,10.5985,2026-10-06
149969,INF740KA1QT3,INF740KA1QU1,DSP Nifty SDL Plus G-Sec Jun 2028 30:70 Index Fund,Regular Plan,IDCW,13.3004,2026-10-06
151373,INF740KA1SH4,-,DSP Nifty SDL Plus G-Sec Sep 2027 50:50 Index Fund,Direct Plan,Growth,13.0175,2026-10-06
151370,INF740KA1SE1,-,DSP Nifty SDL Plus G-Sec Sep 2027 50:50 Index Fund,Regular Plan,Growth,12.9355,2026-10-06
154017,INF740KA1XF8,INF740KA1XG6,DSP Nifty Smallcap 250 Index Fund,Regular Plan,IDCW,10.932,2026-10-06
152244,INF740KA1TX9,INF740KA1TY7,DSP Nifty Smallcap250 Quality 50 Index Fund,Direct Plan,IDCW,10.88,2026-10-06
153800,INF740KA1WS3,INF740KA1WT1,DSP Nifty500 Flexicap Quality 30 Index Fund,Direct Plan,IDCW,9.2078,2026-10-06
150807,INF754K01PV6,-,Edelweiss CRISIL IBX 50:50 Gilt Plus SDL Sep 2028 Index Fund,Direct Plan,Growth,13.3104,2026-10-06
151398,INF754K01RG3,-,Edelweiss CRISIL IBX 50:50 Gilt Plus SDL Short Duration Index Fund,Regular Plan,Growth,12.6679,2026-10-06
153128,INF754K01TQ8,INF754K01TR6,Edelweiss CRISIL IBX AAA Financial Services Bond - Jan 2028 Index Fund,Direct Plan,IDCW,10.917,2026-10-06
153129,INF754K01TU0,INF754K01TV8,Edelweiss CRISIL IBX AAA Financial Services Bond - Jan 2028 Index Fund,Regular Plan,IDCW,10.873,2026-10-06
148555,INF754K01LV5,-,Edelweiss MSCI India Domestic & World Healthcare 45 Index Fund,Direct Plan,Growth,24.2114,2026-10-06
149256,INF754K01NF4,-,Edelweiss Nifty 100 Quality 30 Index Fund,Regular Plan,Growth,13.5823,2026-10-06
149257,INF754K01NG2,INF754K01NH0,Edelweiss Nifty 100 Quality 30 Index Fund,Regular Plan,IDCW,13.5813,2026-10-06
154310,INF754K01WR0,-,Edelweiss Nifty LargeMidcap250 Plus 8-13yr G-Sec 70:30 Index Fund,Direct Plan,Growth,10.4333,2026-10-06
154312,INF754K01WV2,-,Edelweiss Nifty LargeMidcap250 Plus 8-13yr G-Sec 70:30 Index Fund,Regular Plan,Growth,10.3968,2026-10-06
150897,INF754K01QH3,-,Edelweiss Nifty Next 50 Index Fund,Regular Plan,Growth,15.9357,2026-10-06
150894,INF754K01QP6,-,Edelweiss Nifty Smallcap 250 Index Fund,Regular Plan,Growth,18.1943,2026-10-06
152985,INF754K01TN5,-,Edelweiss Nifty500 Multicap Momentum Quality 50 Index Fund,Direct Plan,Growth,8.9067,2026-10-06
152988,INF754K01TJ3,-,Edelweiss Nifty500 Multicap Momentum Quality 50 Index Fund,Regular Plan,Growth,8.7914,2026-10-06
118580,INF090I01GQ8,INF090I01GR6,Franklin India NSE Nifty 50 Index Fund,Direct Plan,IDCW,169.8599,2026-10-06
100484,INF090I01890,-,Franklin India NSE Nifty 50 Index Fund,Regular Plan,Growth,184.7927,2026-10-06
151729,INF179KC1GH7,-,HDFC BSE 500 Index Fund,Regular Plan,Growth Option,14.726,2026-10-06
149871,INF179KC1CB9,-,HDFC NIFTY 100 Equal Weight Index Fund,Regular Plan,Growth Option,16.3897,2026-10-06
119063,INF179K01WM1,-,HDFC Nifty 50 Index Fund,Direct Plan,Growth Option,222.9065,2026-10-06
151496,INF179KC1FR8,-,HDFC Nifty G-Sec Apr 2029 Index Fund,Regular Plan,Growth Option,12.9282,2026-10-06
151495,INF179KC1FQ0,-,HDFC Nifty G-Sec Apr 2029 Index Fund,Direct Plan,Growth Option,13.0021,2026-10-06
152890,INF179KC1IP6,-,HDFC NIFTY LargeMidcap 250 Index Fund,Regular Plan,Growth Option,9.6123,2026-10-06
149287,INF179KC1BR7,-,HDFC NIFTY Next 50 index Fund,Regular Plan,Growth Option,16.2224,2026-10-06
153404,INF179KC1JH1,-,HDFC Nifty Top 20 Equal Weight Index Fund,Regular Plan,Growth Option,9.5446,2026-10-06
152714,INF179KC1IL5,-,HDFC NIFTY100 Low Volatility 30 Index Fund,Regular Plan,Growth Option,9.6904,2026-10-06
152429,INF179KC1IB6,-,HDFC NIFTY200 Momentum 30 Index Fund,Regular Plan,Growth Option,9.8977,2026-10-06
149107,INF179KC1BM8,-,HDFC NIFTY50 Equal Weight Index Fund,Direct Plan,Growth Option,17.5887,2026-10-06
152778,INF179KC1IO9,-,HDFC NIFTY500 Multicap 50:25:25 Index Fund,Direct Plan,Growth Option,9.7372,2026-10-06
153412,INF109K1A054,INF109K1A047,ICICI Prudential CRISIL-IBX Financial Services 3-6 Months Debt Index Fund,Regular Plan,Annual IDCW,11.1102,2026-10-06
149221,INF109KC1U68,INF109KC1U76,ICICI Prudential NASDAQ 100 Index Fund,Direct Plan,IDCW,26.1741,2026-10-06
150452,INF109KC11D8,-,ICICI Prudential Nifty 200 Momentum 30 Index Fund,Direct Plan,Growth,16.284,2026-10-06
101349,INF109K01PI0,-,ICICI Prudential Nifty 50 Index Fund,Regular Plan,Cumulative,230.8402,2026-10-06
120620,INF109K012M7,-,ICICI Prudential Nifty 50 Index Fund,Direct Plan,Cumulative,241.0708,2026-10-06
135391,INF109KB1NL1,INF109KB1NM9,ICICI Prudential Nifty 50 Index Fund,Direct Plan,IDCW,32.4187,2026-10-06
153160,INF109KC15Y5,INF109KC14Y8,ICICI Prudential Nifty 500 Index Fund,Regular Plan,IDCW,9.9263,2026-10-06
149859,INF109KC1Z89,-,ICICI Prudential Nifty Bank Index Fund,Regular Plan,Growth,15.4535,2026-10-06
152482,INF109KC12U0,-,ICICI Prudential Nifty LargeMidcap 250 Index Fund,Direct Plan,Growth,11.9203,2026-10-06
149391,INF109KC1W66,INF109KC1W74,ICICI Prudential Nifty Midcap 150 Index Fund,Direct Plan,IDCW,19.6739,2026-10-06
149390,INF109KC1W25,-,ICICI Prudential Nifty Midcap 150 Index Fund,Regular Plan,Growth,19.0225,2026-10-06
150929,INF109KC18L6,-,ICICI Prudential Nifty Pharma Index Fund,Regular Plan,Growth,20.0634,2026-10-06
149223,INF109KC1S47,INF109KC1S54,ICICI Prudential Nifty PSU Bond Plus SDL Sep 2027 40:60 Index Fund,,,10.104,2022-09-16
150730,INF109KC15L2,INF109KC16L0,ICICI Prudential Nifty SDL Dec 2028 Index Fund,Direct Plan,Annual IDCW,13.4119,2026-10-06
151210,INF109KC14P6,INF109KC15P3,ICICI Prudential Nifty SDL Sep 2026 Index Fund,Direct Plan,Annual IDCW,12.9566,2026-09-30
151208,INF109KC10P4,-,ICICI Prudential Nifty SDL Sep 2026 Index Fund,Regular Plan,Growth,12.859,2026-09-30
149996,INF109KC12B0,INF109KC13B8,ICICI Prudential Nifty SDL Sep 2027 Index Fund,Regular Plan,Annual IDCW,13.2315,2026-10-06
149997,INF109KC15B3,INF109KC16B1,ICICI Prudential Nifty SDL Sep 2027 Index Fund,Direct Plan,Annual IDCW,13.3206,2026-10-06
153614,INF109K1A310,-,ICICI Prudential Nifty Top 15 Equal Weight Index Fund,Direct Plan,Growth,8.8622,2026-10-06
153616,INF109K1A336,INF109K1A328,ICICI Prudential Nifty Top 15 Equal Weight Index Fund,Direct Plan,IDCW,8.8626,2026-10-06
153615,INF109K1A302,INF109K1A294,ICICI Prudential Nifty Top 15 Equal Weight Index Fund,Regular Plan,IDCW,8.7991,2026-10-06
152040,INF174KA1OV9,INF174KA1OW7,Kotak BSE Housing Index Fund,Regular Plan,IDCW Option,12.105,2026-10-06
152755,INF174KA1SL1,-,kotak BSE PSU Index Fund,Direct Plan,Growth,8.899,2026-10-06
152752,INF174KA1SI7,-,kotak BSE PSU Index Fund,Regular Plan,Growth,8.774,2026-10-06
153284,INF174KA1US2,-,Kotak BSE Sensex Index Fund,Regular Plan,Growth,9.739,2026-10-06
153287,INF174KA1UQ6,INF174KA1UR4,Kotak BSE Sensex Index Fund,Direct Plan,IDCW,9.766,2026-10-06
152869,INF174KA1TF1,-,Kotak CRISIL-IBX AAA Financial Services Index-Sep 2027 Fund,Direct Plan,GROWTH Option,11.6368,2026-10-06
152868,INF174KA1SU2,INF174KA1SV0,Kotak CRISIL-IBX AAA Financial Services Index-Sep 2027 Fund,Direct Plan,IDCW,11.6346,2026-10-06
153877,INF174KA1XP2,-,Kotak CRISIL-IBX Financial Services 9 to 12 Months Debt Index Fund,Regular Plan,Growth,10.6358,2026-10-06
153146,INF174KA1TY2,-,Kotak Nifty 100 Equal Weight Index Fund,Direct Plan,Growth,10.595,2026-10-06
151782,INF174KA1OC9,INF174KA1OD7,Kotak Nifty 200 Momentum 30 Index Fund,Direct Plan,IDCW,14.295,2026-10-06
151780,INF174KA1NZ2,INF174KA1OA3,Kotak Nifty 200 Momentum 30 Index Fund,Regular Plan,IDCW,14.067,2026-10-06
153660,INF174KA1WN9,-,KOTAK NIFTY 200 QUALITY 30 INDEX FUND,Direct Plan,GROWTH,9.31,2026-10-06
153149,INF174KA1UI3,INF174KA1UJ1,Kotak Nifty 50 Equal Weight Index Fund,Regular Plan,IDCW,10.537,2026-10-06
148974,INF174KA1GX1,-,Kotak Nifty 50 Index Fund,Regular Plan,Growth,14.907,2026-10-06
153682,INF174KA1WW0,INF174KA1WX8,Kotak Nifty AAA Bond Financial Services Mar 2028 Index Fund,Regular Plan,IDCW - Payout & Reinvestment,10.6856,2026-10-06
153783,INF174KA1XK3,INF174KA1XL1,Kotak Nifty Alpha 50 Index Fund,Regular Plan,IDCW - Payout & Reinvestment,10.571,2026-10-06
154388,INF174KA1A29,-,Kotak Nifty Alpha Low Volatility 30 Index Fund,Direct Plan,Growth,9.625,2026-10-06
154391,INF174KA1A37,INF174KA1A45,Kotak Nifty Alpha Low Volatility 30 Index Fund,Direct Plan,IDCW,9.625,2026-10-06
154390,INF174KA1A60,INF174KA1A78,Kotak Nifty Alpha Low Volatility 30 Index Fund,Regular Plan,IDCW,9.608,2026-10-06
151909,INF174KA1OO4,-,Kotak Nifty Financial Services Ex-Bank Index Fund,Regular Plan,Growth,15.243,2026-10-06
152916,INF174KA1TM7,-,Kotak Nifty Midcap 150 Momentum 50 Index Fund,Direct Plan,Growth,9.311,2026-10-06
152766,INF174KA1SP2,INF174KA1SQ0,Kotak Nifty Midcap 50 Index Fund,Regular Plan,IDCW PAYOUT AND REINVESTMENT,10.398,2026-10-06
148745,INF174KA1GA9,-,Kotak Nifty Next 50 Index Fund,Direct Plan,Growth,20.5344,2026-10-06
148746,INF174KA1FZ8,INF174KA1GB7,Kotak Nifty Next 50 Index Fund,Direct Plan,Payout of Income Distribution cum capital withdrawal option,20.534,2026-10-06
149855,INF174KA1IL2,-,Kotak Nifty SDL Apr 2027 Top 12 Equal Weight Index Fund,Direct Plan,Growth,13.2918,2026-10-06
149852,INF174KA1II8,-,Kotak Nifty SDL Apr 2027 Top 12 Equal Weight Index Fund,Regular Plan,Growth,13.1971,2026-10-06
151420,INF174KA1MJ8,-,Kotak Nifty SDL Jul 2033 Index Fund,Direct Plan,Growth,12.8706,2026-10-06
153220,INF174KA1UL7,INF174KA1UM5,Kotak Nifty SmallCap 250 Index Fund,Direct Plan,IDCW,11.62,2026-10-06
151649,INF174KA1NB3,-,Kotak Nifty Smallcap 50 Index Fund,Direct Plan,Growth,22.546,2026-10-06
153463,INF174KA1WG3,-,Kotak Nifty Top 10 Equal Weight Index Fund,Regular Plan,Growth,8.624,2026-10-06
154032,INF174KA1YC8,-,Kotak Nifty500 Momentum 50 Index Fund,Direct Plan,Growth,10.161,2026-10-06
149800,INF247L01AV1,-,Motilal Oswal Nifty 200 Momentum 30 Index Fund,Direct Plan,Growth,14.9249,2026-10-06
147794,INF247L01AE7,-,Motilal Oswal Nifty 50 Index Fund,Direct Plan,Growth,19.8895,2026-10-06
147626,INF247L01940,-,Motilal Oswal Nifty 500 Index Fund,Regular Plan,Growth,24.7446,2026-10-06
147619,INF247L01882,-,Motilal Oswal Nifty Bank Index Fund,Regular Plan,Growth,19.4998,2026-10-06
151815,INF247L01BR7,-,Motilal Oswal Nifty Microcap 250 Index Fund,Regular Plan,Growth,18.7098,2026-10-06
147621,INF247L01908,-,Motilal Oswal Nifty Midcap 150 Index Fund,Regular Plan,Growth,37.8837,2026-10-06
153027,INF247L01DW3,-,Motilal Oswal Nifty MidSmall Financial Services Index Fund,Direct Plan,Growth,13.8127,2026-10-06
147796,INF247L01AC1,-,Motilal Oswal Nifty Next 50 Index Fund,Direct Plan,Growth,25.1659,2026-10-06
149805,INF959L01FU2,-,Navi Nifty Bank Index Fund,Regular Plan,Growth,14.0587,2026-10-06
154027,INF959L01HR4,-,Navi Nifty Midsmallcap 400 Index Fund,Direct Plan,Growth,10.3954,2026-10-06
152536,INF959L01HL7,-,Navi NiftyIT Index Fund,Regular Plan,Growth,8.2523,2026-10-06
152993,INF204KC1DN1,INF204KC1DO9,Nippon India CRISIL - IBX AAA Financial Services - Dec 2026 Index Fund,Direct Plan,IDCW Option,11.53,2026-10-06
152996,INF204KC1DS0,-,Nippon India CRISIL - IBX AAA Financial Services - Jan 2028 Index Fund,Direct Plan,Growth Option,11.4908,2026-10-06
154271,INF204KC1GX3,-,Nippon India CRISIL-IBX Financial Services 3-6 Months Debt Index Fund,Direct Plan,Growth Option,10.4329,2026-10-06
154272,INF204KC1GY1,INF204KC1GZ8,Nippon India CRISIL-IBX Financial Services 3-6 Months Debt Index Fund,Direct Plan,IDCW Option,10.4329,2026-10-06
154273,INF204KC1GV7,INF204KC1GW5,Nippon India CRISIL-IBX Financial Services 3-6 Months Debt Index Fund,Regular Plan,IDCW Option,10.4224,2026-10-06
118788,INF204K01K98,INF204K01L06,Nippon India Index Fund - BSE Sensex Plan,Direct Plan,HALF YEARLY - IDCW Option,31.5936,2026-10-06
118785,INF204K01K56,-,Nippon India Index Fund - BSE Sensex Plan,Direct Plan,Bonus Option,39.7689,2026-10-06
113269,INF204K01IM6,-,Nippon India Index Fund - BSE Sensex Plan,Regular Plan,Growth Option,37.3938,2026-10-06
113294,INF204K01IP9,INF204K01IS3,Nippon India Index Fund - BSE Sensex Plan,Regular Plan,HALF YEARLY - IDCW Option,29.4847,2026-10-06
113271,INF204K01IO2,INF204K01IR5,Nippon India Index Fund - BSE Sensex Plan,Regular Plan,QUARTERLY - IDCW Option,29.4781,2026-10-06
113297,INF204K01IF0,-,Nippon India Index Fund - Nifty 50 Plan,Regular Plan,Bonus Option,38.9116,2026-10-06
152842,INF204KC1DA8,-,Nippon India Nifty 500 Equal Weight Index Fund,Direct Plan,Growth Option,9.4999,2026-10-06
152841,INF204KC1CY0,INF204KC1CZ7,Nippon India Nifty 500 Equal Weight Index Fund,Regular Plan,IDCW Option,9.3911,2026-10-06
150012,INF204KC1527,-,Nippon India Nifty AAA CPSE Bond Plus SDL - Apr 2027 Maturity 60:40 Index Fund,Direct Plan,Growth Option,13.2268,2026-10-06
150011,INF204KC1493,-,Nippon India Nifty AAA CPSE Bond Plus SDL - Apr 2027 Maturity 60:40 Index Fund,Regular Plan,Growth Option,13.1225,2026-10-06
150755,INF204KC1667,-,Nippon India Nifty AAA PSU Bond Plus SDL - Sep 2026 Maturity 50:50 Index Fund,Regular Plan,IDCW Option,12.9997,2026-09-02
153066,INF204KC1EB4,-,Nippon India Nifty Auto Index Fund,Regular Plan,Growth Option,10.8588,2026-10-06
153065,INF204KC1EC2,INF204KC1ED0,Nippon India Nifty Auto Index Fund,Regular Plan,IDCW Option,10.8588,2026-10-06
152389,INF204KC1BY2,-,Nippon India Nifty Bank Index Fund,Direct Plan,Growth Option,11.9113,2026-10-06
152387,INF204KC1BV8,-,Nippon India Nifty Bank Index Fund,Regular Plan,Growth Option,11.7267,2026-10-06
150923,INF204KC1998,-,Nippon India Nifty G-Sec Jun 2036 Maturity Index Fund,Regular Plan,Growth Option,12.9986,2026-10-06
150905,INF204KC1865,INF204KC1873,Nippon India Nifty G-Sec Sep 2027 Maturity Index Fund,Regular Plan,IDCW Option,12.9171,2026-10-06
153809,INF204KC1GI4,-,Nippon India Nifty India Manufacturing Index Fund,Regular Plan,Growth Option,10.7104,2026-10-06
152392,INF204KC1CE2,-,Nippon India Nifty IT Index Fund,Direct Plan,Growth Option,7.7213,2026-10-06
148726,INF204KB18Z7,-,Nippon India Nifty Midcap 150 Index Fund,Direct Plan,Growth Option,25.4721,2026-10-06
148521,INF204KB16W8,INF204KB17W6,Nippon India Nifty Smallcap 250 Index Fund,Direct Plan,IDCW Option,35.4818,2026-10-06
153431,INF200KB1662,INF200KB1670,SBI BSE PSU BANK INDEX FUND,Regular Plan,IDCW,12.7939,2026-10-06
151769,INF200KA16Y4,-,SBI BSE Sensex Index Fund,Direct Plan,Growth,12.0616,2026-10-06
151770,INF200KA17Y2,INF200KA18Y0,SBI BSE Sensex Index Fund,Direct Plan,IDCW,12.0621,2026-10-06
149475,INF200KA14D3,INF200KA15D0,SBI CPSE Bond Plus SDL Sep 2026 50:50 Index Fund,Direct Plan,IDCW,13.3202,2026-09-30
150712,INF200KA11R9,-,SBI CRISIL IBX SDL Index - September 2027 Fund,Regular Plan,Growth,13.2223,2026-10-06
154332,INF200KB1AP7,INF200KB1AQ5,SBI CRISIL-IBX Financial Services 3-6 Months Debt Index Fund,Direct Plan,IDCW,10.3185,2026-10-06
154330,INF200KB1AM4,INF200KB1AN2,SBI CRISIL-IBX Financial Services 3-6 Months Debt Index Fund,Regular Plan,IDCW,10.3139,2026-10-06
154335,INF200KB1AV5,INF200KB1AW3,SBI CRISIL-IBX Financial Services 9-12 Months Debt Index Fund,Direct Plan,IDCW,10.2967,2026-10-06
152908,INF200KB1381,-,SBI Nifty 500 Index Fund,Direct Plan,Growth,9.2632,2026-10-06
153015,INF200KB1449,-,SBI Nifty India Consumption Index Fund,Direct Plan,Growth,9.6733,2026-10-06
153718,INF200KB1936,-,SBI Nifty100 Low Volatility 30 Index Fund,Direct Plan,Growth,9.5724,2026-10-06
153716,INF200KB1902,-,SBI Nifty100 Low Volatility 30 Index Fund,Regular Plan,Growth,9.5278,2026-10-06
153664,INF200KB1852,INF200KB1860,SBI Nifty200 Momentum 30 Index Fund,Regular Plan,IDCW,9.4483,2026-10-06
153554,INF200KB1787,-,SBI Nifty200 Quality 30 Index Fund,Regular Plan,Growth,9.3735,2026-10-06
154066,INF277KA1EP8,-,Tata BSE Multicap Consumption 50:30:20 Index Fund,Direct Plan,Growth Option,9.2944,2026-10-06
154065,INF277KA1EO1,-,Tata BSE Multicap Consumption 50:30:20 Index Fund,Regular Plan,IDCW Payout Option,9.2374,2026-10-06
153420,INF277KA1DK1,-,Tata BSE Quality Index Fund,Direct Plan,Growth Option,10.8273,2026-10-06
153421,INF277KA1DO3,-,Tata BSE Quality Index Fund,Direct Plan,IDCW Payout Option,10.8273,2026-10-06
153133,INF277KA1CZ1,-,Tata BSE Select Business Groups Index Fund,Regular Plan,IDCW Payout Option,9.5237,2026-10-06
101659,INF277K01741,-,Tata Nifty 50 Index Fund,Regular Plan,,142.4009,2026-10-06
152558,-,INF277KA1AW2,Tata Nifty Auto Index Fund,Direct Plan,IDCW Reinvestment Option,11.659,2026-10-06
152953,INF277KA1CQ0,-,Tata Nifty Capital Markets Index Fund,Direct Plan,IDCW Payout Option,14.336,2026-10-06
152952,-,INF277KA1CP2,Tata Nifty Capital Markets Index Fund,Direct Plan,IDCW Reinvestment Option,14.336,2026-10-06
152954,INF277KA1CL1,-,Tata Nifty Capital Markets Index Fund,Regular Plan,Growth Option,14.1609,2026-10-06
152575,INF277KA1AY8,-,Tata Nifty Financial Services Index Fund,Regular Plan,IDCW Payout Option,11.558,2026-10-06
151305,-,INF277KA1802,Tata Nifty G-Sec Dec 2026 Index Fund,Direct Plan,IDCW Reinvestment Option,12.9109,2026-10-06
151273,INF277KA1737,-,Tata Nifty G-Sec Dec 2029 Index Fund,Direct Plan,Growth Option,13.0559,2026-10-06
151276,-,INF277KA1778,Tata Nifty G-Sec Dec 2029 Index Fund,Regular Plan,IDCW Reinvestment Option,12.8959,2026-10-06
152742,INF277KA1CC0,-,Tata Nifty India Tourism Index Fund,Direct Plan,Growth Option,8.8072,2026-10-06
152744,INF277KA1CD8,-,Tata Nifty India Tourism Index Fund,Direct Plan,IDCW Payout Option,8.8072,2026-10-06
152743,-,INF277KA1CE6,Tata Nifty India Tourism Index Fund,Direct Plan,IDCW Reinvestment Option,8.8072,2026-10-06
152747,-,INF277KA1CB2,Tata Nifty India Tourism Index Fund,Regular Plan,IDCW Reinvestment Option,8.6776,2026-10-06
150740,INF277KA1638,-,Tata Nifty Midcap 150 Momentum 50 Index Fund,Direct Plan,IDCW Payout Option,18.0911,2026-10-06
153855,INF277KA1EG7,-,Tata Nifty Next 50 Index Fund,Regular Plan,Growth Option,10.2374,2026-10-06
152570,INF277KA1AO9,-,Tata Nifty Realty Index Fund,Direct Plan,Growth Option,8.6067,2026-10-06
152573,INF277KA1AL5,-,Tata Nifty Realty Index Fund,Regular Plan,Growth Option,8.466,2026-10-06
152837,INF277KA1CJ5,-,Tata Nifty200 Alpha 30 Index Fund,Direct Plan,IDCW Payout Option,8.7333,2026-10-06
152593,-,INF277KA1BO7,Tata Nifty500 Multicap India Manufacturing 50:30:20 Index Fund,Direct Plan,IDCW Reinvestment Option,11.8998,2026-10-06
152599,-,INF277KA1BR0,Tata Nifty500 Multicap Infrastructure 50:30:20 Index Fund,Regular Plan,IDCW Reinvestment Option,10.3956,2026-10-06
120717,INF789F01WY2,INF789F01WZ9,UTI Nifty 50 Index Fund,Direct Plan,IDCW,80.8012,2026-10-06
120716,INF789F01XA0,-,UTI Nifty 50 Index Fund,Direct Plan,Growth,160.3789,2026-10-06
100822,INF789F01JN2,-,UTI Nifty 50 Index Fund,Regular Plan,Growth,157.9265,2026-10-06
153531,INF1J2R01064,-,ANGEL ONE NIFTY 50 ETF,Direct Plan,,9.4177,2026-10-06
142589,-,INF740KA1EU7,DSP NIFTY 1D Rate Liquid ETF,,,1000,2026-10-06
147849,INF754K01KO2,-,Bharat Bond ETF - April 2030,,,1610.7315,2026-10-06
148445,INF754K01LE1,-,BHARAT Bond ETF- April 2031,,,1431.6043,2026-10-06
153920,INF754K01VW2,-,Edelweiss Nifty 1D Rate Liquid ETF - Growth,,,1050.6792,2026-10-06
144587,INF109KC1NS5,-,ICICI Prudential Nifty Next 50 ETF,,,73.8922,2026-10-06
153315,INF174KA1UW4,-,Kotak Nifty 100 Equal Weight ETF,,,33.349,2026-10-06
150492,INF174KA1ZF8,-,Kotak Nifty India Consumption ETF,,,11.415,2026-10-06
150520,INF247L01BH8,-,Motilal Oswal BSE Quality ETF,,,189.5471,2026-10-06
148620,INF247L01AK4,-,Motilal Oswal Nifty 5 year benchmark G-Sec ETF,,,64.7593,2026-10-06
131331,INF204KA1UN7,-,Nippon India ETF BSE Sensex,Direct Plan,,840.9064,2026-10-06
149465,INF204KC1337,-,Nippon India Nifty Auto ETF,Direct Plan,,264.3481,2026-10-06
145648,INF200KA1WX6,-,SBI Nifty 200 Quality 30 ETF,Regular Plan,IDCW,208.2858,2026-10-06
149959,INF277KA1364,-,Tata Nifty India Digital Exchange Traded Fund,,,84.9463,2026-10-06
153837,INF0R8F01141,-,Zerodha Nifty Smallcap 100 ETF,Direct Plan,,11.0273,2026-10-06
149291,INF209KB18C5,-,Aditya Birla Sun Life US Equity Passive FOF,Direct Plan,GROWTH,24.803,2026-10-06
148701,INF846K01Y62,-,Axis Greater China Equity Fund of Fund,Regular Plan,Growth Option,12.27,2026-10-06
150749,INF846K013K7,INF846K014K5,Axis NASDAQ 100 US Specific Equity Passive FOF,Direct Plan,IDCW Option,31.9968,2026-10-06
152241,INF846K018T7,INF846K019T5,Axis US Specific Treasury Dynamic Debt Passive FOF,Direct Plan,IDCW Option,11.9521,2026-10-06
127072,INF336L01HG8,INF336L01HH6,HSBC Asia Pacific (Ex Japan) Dividend Yield Fund,Direct Plan,IDCW,26.0661,2026-10-06
148615,INF205KA1262,INF205KA1288,Invesco India - Invesco Global Consumer Trends Fund of Fund,Direct Plan,IDCW,13.7603,2026-10-06
126353,INF205K01A24,-,Invesco India - Invesco Pan European Equity Fund of Fund,Direct Plan,Growth,28.7493,2026-10-06
119779,INF174K01LW4,-,Kotak Global Emerging Market Overseas Equity Active FOF,Direct Plan,Growth,44.791,2026-10-06
106441,INF174K01DV3,-,Kotak Global Emerging Market Overseas Equity Active FOF,Regular Plan,Growth,41.016,2026-10-06
149056,INF174KA1HD1,-,Kotak Global Innovation Overseas Equity Active FOF,Regular Plan,Growth,15.7344,2026-10-06
149060,INF174KA1HH2,INF174KA1HI0,Kotak Global Innovation Overseas Equity Active FOF,Direct Plan,IDCW Option,16.7233,2026-10-06
149059,INF174KA1HG4,-,Kotak Global Innovation Overseas Equity Active FOF,Direct Plan,Growth,16.7259,2026-10-06
148647,INF174KA1FK0,INF174KA1FM6,Kotak International REIT Overseas Equity Active FOF,Regular Plan,Payout of Income Distribution cum capital withdrawal option,11.0345,2026-10-06
154287,INF174KA1ZI2,-,Kotak Quality Overseas Equity Active FOF,Direct Plan,Growth,11.758,2026-10-06
154289,INF174KA1ZM4,INF174KA1ZN2,Kotak Quality Overseas Equity Active FOF,Regular Plan,IDCW,11.716,2026-10-06
150597,INF769K01IS5,-,Mirae Asset Global X Artificial Intelligence & Technology ETF Fund of Fund,Direct Plan,Growth,37.962,2026-10-06
146407,INF209KB1E84,-,ADITYA BIRLA SUN LIFE BAL BHAVISHYA YOJNA,Direct Plan,GROWTH,22.8,2026-10-06
119066,INF179KC1IX0,-,HDFC Children's Fund,Direct Plan,Growth Option,318.188,2026-10-06
119067,-,-,HDFC Children's Fund,,,45.8807,2017-10-18
100899,-,-,HDFC Children's Fund,,,44.0722,2017-10-18
120724,INF789F1AZV0,-,UTI Children's Equity Fund,Direct Plan,Growth,86.3099,2026-10-06
102266,INF789F1AZX6,-,UTI Children's Equity Fund,Regular Plan,IDCW,76.7688,2026-10-06
146574,INF209KB1I07,INF209KB1I15,Aditya Birla Sun Life Retirement Fund-The 30s Plan,Regular Plan,IDCW,16.753,2026-10-06
146939,INF209KB1J22,INF209KB1J30,Aditya Birla Sun Life Retirement Fund-The 50s Plan,Regular Plan,IDCW,11.2988,2026-10-06
152102,INF194KB1GU2,-,BANDHAN RETIREMENT FUND,Direct Plan,Growth,12.79,2026-10-06
118549,INF090I01KA4,INF090I01KB2,Franklin India Retirement Fund,Direct Plan,IDCW,18.0954,2026-10-06
100535,INF090I01528,INF090I01536,Franklin India Retirement Fund,Regular Plan,IDCW,16.3321,2026-10-06
146720,INF109KC1TX2,-,ICICI Prudential Retirement Fund Hybrid Aggressive Plan,Direct Plan,IDCW,30.47,2026-10-06
146719,INF109KC1TZ7,-,ICICI Prudential Retirement Fund Hybrid Conservative Plan,Regular Plan,IDCW,18.0685,2026-10-06
146348,INF109KC1TT0,-,ICICI Prudential Retirement Fund Pure Equity Plan,Direct Plan,IDCW,37.93,2026-10-06
133570,INF204KA1C71,-,Nippon India Retirement Fund- Income Generation Scheme,Direct Plan,IDCW Option,22.9416,2026-10-06
133628,INF204KA1C48,-,Nippon India Retirement Fund- Income Generation Scheme,Regular Plan,Bonus Option,19.8835,2026-10-06
133565,INF204KA1B64,-,Nippon India Retirement Fund- Wealth Creation Scheme,Regular Plan,Growth Option,27.4709,2026-10-06
133631,INF204KA1B80,-,Nippon India Retirement Fund- Wealth Creation Scheme,Regular Plan,Bonus Option,27.4709,2026-10-06
148686,INF200KA1T05,-,SBI Retirement Benefit Fund - Aggressive Hybrid Plan,Direct Plan,IDCW,20.3767,2026-10-06
148695,INF200KA1S71,-,SBI Retirement Benefit Fund - Aggressive Hybrid Plan,Regular Plan,Growth,19.1075,2026-10-06
148683,INF200KA1S55,-,SBI Retirement Benefit Fund - Aggressive Plan,Direct Plan,Growth,21.1121,2026-10-06
148690,INF200KA1T70,-,SBI Retirement Benefit Fund - Conservative Hybrid Plan,Direct Plan,Growth,16.2021,2026-10-06
148688,INF200KA1T39,-,SBI Retirement Benefit Fund - Conservative Plan,Direct Plan,Growth,14.9533,2026-10-06
150553,INF582M01IN9,-,Union Retirement Fund,Regular Plan,IDCW Option,14.75,2026-10-06
147831,INF846K01T77,-,Axis Retirement Fund - Conservative Plan,Direct Plan,IDCW Option,15.6287,2026-10-06
147826,INF846K01T28,-,Axis Retirement Fund - Dynamic Plan,Direct Plan,Growth Option,21.1,2026-10-06
152627,INF251K01TI2,-,Baroda BNP Paribas Retirement Fund,Regular Plan,IDCW Option,11.2844,2026-10-06
136090,INF179KB1MG8,-,HDFC Retirement Fund - Equity Plan,Regular Plan,Growth Option,46.767,2026-10-06
136465,INF179KB1MJ2,-,HDFC Retirement Fund - Hybrid-Debt Plan,Direct Plan,Growth Option,24.5222,2026-10-06
105660,INF204K01ED4,INF204K01EE2,Nippon India Interval Fund Annual Interval Fund Series-I,,,13.3009,2026-04-22
135000,INF204KA12I8,-,Reliance Interval Fund IV- Series 3,,,12.4325,2018-07-02
135002,INF204KA13I6,-,Reliance Interval Fund IV- Series 3,,,12.4325,2018-07-02
144316,INF761K01EM4,-,BANK OF INDIA MID CAP TAX FUND Series 2,Regular Plan,IDCW,34.44,2026-10-06
140489,INF200KA1LR1,-,SBI Long Term Advantage Fund - Series IV,Regular Plan,IDCW,37.6087,2026-10-06
141140,INF903JA1948,-,SUNDARAM LONG TERM MICRO CAP TAX ADVANTAGE SERIES V,,,28.2156,2026-10-06
135964,INF789FB17N5,-,UTI - Long Term Advantage Fund Series III,,,22.0771,2021-09-24
135963,INF789FB16N7,-,UTI - Long Term Advantage Fund Series III,,,19.9881,2021-09-24
140043,INF789FC1FB1,-,UTI - Long Term Advantage Fund Series IV,,,15.7183,2021-09-24
141891,INF789FC1V58,-,UTI - Long Term Advantage Fund Series VI,,,12.2199,2021-09-24
141431,INF179KC1AI8,-,HDFC Equity Opp Fund - II - 1126D May 2017 (1),,,10,2022-01-14
143962,INF109KC1GT7,-,ICICI Prudential Bharat Consumption Fund - Series 3,,,17.01,2022-02-07
130003,INF109KB12R8,-,ICICI Prudential Growth Fund - Series 1,,,14.47,2020-12-31
136182,INF109KB1QW1,-,ICICI Prudential India Recovery Fund - Series 4,,,12.19,2019-02-27
139261,INF109KB1US1,-,ICICI Prudential India Recovery Fund - Series 5,,,10.85,2019-05-15
140502,INF109KB1M86,-,ICICI Prudential Value Fund - Series 11,,,13.54,2020-01-29
141286,INF109KB13C8,-,ICICI Prudential Value Fund - Series 13,,,11.95,2021-01-04
142071,INF109KB16Z2,-,ICICI Prudential Value Fund - Series 19,,,14.45,2021-06-24
129229,INF109KA1TQ8,-,ICICI Prudential Value Fund - Series 4,,,10.17,2019-05-08
142417,INF174KA1GD3,-,Kotak India Growth Fund Series 4,,,29.1871004,2024-02-22
142150,INF204KB1TJ6,-,Nippon India Capital Builder Fund IV- Series D,,,10.6411,2021-01-18
133311,INF204KA1ZJ4,-,Reliance Capital Builder Fund II - Series B,,,13.8329,2019-04-30
133883,INF204KA1F86,-,Reliance Capital Builder Fund II - Series C,,,12.5434,2018-03-26
134775,INF204KA14D5,-,Reliance Capital Builder Fund III - Series A (3 years),,,11.5589,2018-06-29
125890,INF204K010S2,-,Reliance Close Ended Equity Fund - Series B,,,11.2518,2019-01-01
142171,INF789FC15D8,-,UTI - Long Term Advantage Fund Series VII,,,12.737,2021-09-24
146695,INF194KB1736,-,BANDHAN FIXED TERM PLAN SERIES - 179 (3652 DAYS),Regular Plan,Growth,17.8182,2026-10-06
146081,INF194KB1280,-,IDFC FIXED TERM PLAN SERIES - 167 (1202 DAYS),,,10.4732,2022-04-26
151863,INF179KC1HD4,-,HDFC  Charity Fund for Cancer Cure,Regular Plan,75% IDCW Donation Option,10.238,2026-10-06
151864,INF179KC1HB8,-,HDFC  Charity Fund for Cancer Cure,Direct Plan,75% IDCW Donation Option,10.238,2026-10-06
146501,INF179KC1403,-,HDFC FMP 1146D February 2019 (1),,,10,2022-04-11
146468,INF179KC1304,-,HDFC FMP 1154D February 2019 (1),,,12.675,2022-04-11
150400,INF179KC1CV7,-,HDFC FMP 1158D July 2022,,,10,2025-09-25
149933,INF179KC1CK0,-,HDFC FMP 1162D March 2022,,,10,2025-05-19
146281,INF179KC1296,-,HDFC FMP 1168D January 2019 (1),,,10,2022-04-11
140697,INF179KB1C40,-,HDFC FMP 1170D February 2017 (1),,,10,2020-05-13
146155,INF179KC1189,-,HDFC FMP 1175D January 2019 (1),,,12.7896,2022-04-11
146144,INF179KC1171,-,HDFC FMP 1182D January 2019 (1),,,10,2022-04-12
146148,INF179KC1148,-,HDFC FMP 1182D January 2019 (1),,,10,2022-04-12
145798,INF179KB15Y0,-,HDFC FMP 1218D December 2018 (1),,,10,2022-04-12
145391,INF179KB19U0,-,HDFC FMP 1261D October 2018 (1),,,10,2022-04-07
151566,-,-,HDFC FMP 1269D March 2023,Regular Plan,IDCW Option,10,2026-09-09
151568,-,-,HDFC FMP 1269D March 2023,Regular Plan,Quarterly IDCW Option,10,2026-09-09
145300,INF179KB19T2,-,HDFC FMP 1274D OCTOBER 2018 (1),,,10,2022-04-12
145299,INF179KB17T6,-,HDFC FMP 1274D OCTOBER 2018 (1),,,10,2022-04-12
145284,INF179KB14T3,-,HDFC FMP 1344D October 2018 (1),,,10,2022-06-28
150652,-,-,HDFC FMP 1359D September 2022,,,10,2026-06-30
150656,-,-,HDFC FMP 1359D September 2022,,,10,2026-06-30
150654,-,-,HDFC FMP 1359D September 2022,,,10,2026-06-30
145107,INF179KB10S3,-,HDFC FMP 1372D September 2018 (1),,,13.3497,2022-06-30
144980,INF179KB14Q9,-,HDFC FMP 1381D September 2018 (1),,,10,2022-06-30
143252,INF179KB11E1,-,HDFC FMP 1434D May 2018 (1),,,13.386,2022-04-11
144797,INF179KB13O6,-,HDFC FMP 1487D August 2018 (1),,,10,2022-09-29
150002,INF179KC1CO2,-,HDFC FMP 1876D March 2022,Direct Plan,Growth Option,13.3654,2026-10-06
150004,INF179KC1CS3,-,HDFC FMP 1876D March 2022,Regular Plan,IDCW Option,13.2763,2026-10-06
139092,INF336L01LA3,-,HSBC Fixed Term Series 125 (1114 days plan),,,10,2019-04-18
141204,INF336L01LX5,-,HSBC Fixed Term Series 128 (1106 days plan),,,12.3266,2020-04-29
141206,INF336L01LZ0,-,HSBC Fixed Term Series 128 (1106 days plan),,,12.1978,2020-04-29
141469,INF336L01MB9,-,HSBC Fixed Term Series 129 (1120 days plan),,,12.3834,2020-06-30
141467,INF336L01MD5,-,HSBC Fixed Term Series 129 (1120 days plan),,,12.2853,2020-06-30
143668,INF336L01MV7,-,HSBC Fixed Term Series 134 (1118 days plan),,,11.202,2021-06-29
144118,INF336L01NA9,-,HSBC Fixed Term Series 135 (1117 days plan),,,10,2021-07-30
147151,INF336L01OE9,-,HSBC Fixed Term Series 140 (1147 days plan),,,10,2022-06-15
130642,INF109KA1YZ9,-,ICICI Prudential Capital Protection Oriented Fund - Series VI - 1100 Days Plan E,,,12.5202,2017-08-07
134544,INF109KB1DB3,-,ICICI Prudential Capital Protection Oriented Fund - Series VIII - 1103 Days Plan C,,,11.9788,2018-05-21
134843,INF109KB1IA4,-,ICICI Prudential Capital Protection Oriented Fund - Series VIII - 1107 Days Plan E,,,12.0358,2018-07-20
139370,INF109KB1VS9,-,ICICI Prudential Capital Protection Oriented Fund - Series X - 1235 Days Plan A,,,12.9146,2019-10-25
139369,INF109KB1VQ3,-,ICICI Prudential Capital Protection Oriented Fund - Series X - 1235 Days Plan A,,,12.395,2019-10-25
139472,INF109KB1XA3,-,ICICI Prudential Capital Protection Oriented Fund - Series X - 1375 Days Plan B,,,11.9561,2020-04-15
140647,INF109KB1Q33,-,ICICI Prudential Capital Protection Oriented Fund - Series XI - Plan C 1255 Days,,,11.8087,2020-08-06
140652,INF109KB1R32,-,ICICI Prudential Capital Protection Oriented Fund - Series XI - Plan D 1247 Days,,,12.0545,2020-08-05
141857,INF109KB16X7,-,ICICI Prudential Capital Protection Oriented Fund - Series XII - Plan C 1270 Days,,,12.2951,2021-04-05
121089,INF109K011F3,-,ICICI Prudential Capital Protection Oriented Fund III - PLAN F - 36 Months,,,12.9714,2016-03-03
121794,INF109K015V1,-,ICICI Prudential Capital Protection Oriented Fund III - PLAN H - 60 Months,,,16.9644,2018-04-09
124797,INF109KA1FP9,-,ICICI Prudential Capital Protection Oriented Fund IV - PLAN E - 36 Months,,,14.0293,2016-10-28
125818,INF109KA1IP3,-,ICICI Prudential Capital Protection Oriented Fund IV - PLAN H - 36 Months Plan,,,13.3397,2017-01-02
135494,INF109KB1NT4,-,ICICI Prudential Capital Protection Oriented Fund IX - PLAN A - 1101 Days,,,12.0186,2018-11-01
136373,INF109KB1SQ9,-,ICICI Prudential Capital Protection Oriented Fund IX - PLAN E - 1325 Days,,,13.5549,2019-10-30
136371,INF109KB1SO4,-,ICICI Prudential Capital Protection Oriented Fund IX - PLAN E - 1325 Days,,,12.9587,2019-10-30
139116,INF109KB1TI4,-,ICICI Prudential Capital Protection Oriented Fund IX - PLAN F - 1120 Days,,,12.5122,2019-04-24
128212,INF109KA1QH3,-,ICICI Prudential Capital Protection Oriented Fund V - PLAN D - 1100 Days,,,13.6485,2017-04-03
129740,INF109KA1VM3,-,ICICI Prudential Capital Protection Oriented Fund V - Plan F -1100 Days,,,13.2817,2017-06-07
129858,INF109KA1VW2,-,ICICI Prudential Capital Protection Oriented Fund VI - PLAN A - 1825 Days,,,14.9675,2019-06-04
128991,INF109KA1SH9,-,ICICI Prudential Fixed Maturity Plan - Corporate Bond Series A - 750 Days,,,13.0539,2017-05-30
125319,INF109KA11H3,-,ICICI Prudential Fixed Maturity Plan - Series 71 - 366 Days Plan C,,,11.8762,2016-11-29
130063,INF109KA1WM1,-,ICICI Prudential Fixed Maturity Plan - Series 74 - 9 Years Plan U,,,18.8712,2023-06-14
131311,INF109KA1T40,-,ICICI Prudential Fixed Maturity Plan - Series 75 - 1100 Days Plan J,,,12.7677,2017-09-28
131310,INF109KA1T65,-,ICICI Prudential Fixed Maturity Plan - Series 75 - 1100 Days Plan J,,,12.8974,2017-09-28
132833,INF109KA19D5,-,ICICI Prudential Fixed Maturity Plan - Series 75 - 1103 Days Plan P,,,12.7837,2017-11-20
133245,INF109KA15N2,-,ICICI Prudential Fixed Maturity Plan - Series 76 - 1100 Days Plan D,,,12.7577,2017-12-26
133456,INF109KA17R9,-,ICICI Prudential Fixed Maturity Plan - Series 76 - 1100 Days Plan G,,,12.6131,2018-01-31
133434,INF109KA14Q8,-,ICICI Prudential Fixed Maturity Plan - Series 76 - 1103 Days Plan F,,,12.6341,2018-01-29
134309,INF109KB1979,-,ICICI Prudential Fixed Maturity Plan - Series 76 - 1127 Days Plan W,,,12.7473,2018-05-07
134310,INF109KB1987,-,ICICI Prudential Fixed Maturity Plan - Series 76 - 1127 Days Plan W,,,12.7473,2018-05-07
134458,INF109KB1BB7,-,ICICI Prudential Fixed Maturity Plan - Series 76 - 1135 Days Plan Z,,,12.669,2018-05-30
134930,INF109KB1IR8,-,ICICI Prudential Fixed Maturity Plan - Series 77 - 1100 Days Plan M,,,13.1844,2018-07-24
134933,INF109KB1IS6,-,ICICI Prudential Fixed Maturity Plan - Series 77 - 1100 Days Plan M,,,13.1844,2018-07-24
134932,INF109KB1IQ0,-,ICICI Prudential Fixed Maturity Plan - Series 77 - 1100 Days Plan M,,,12.973,2018-07-24
135401,INF109KB1MT6,-,ICICI Prudential Fixed Maturity Plan - Series 77 - 1129 Days Plan W,,,12.7144,2018-10-26
134538,INF109KB1DG2,-,ICICI Prudential Fixed Maturity Plan - Series 77 - 1132 Days Plan A,,,12.57,2018-06-11
135287,INF109KB1MA6,-,ICICI Prudential Fixed Maturity Plan - Series 77 - 1151 Days Plan S,,,12.6404,2018-10-25
139104,INF109KB1TR5,-,ICICI Prudential Fixed Maturity Plan - Series 78 - 1135 Days Plan W,,,12.6864,2019-04-25
135992,INF109KB1PV5,-,ICICI Prudential Fixed Maturity Plan - Series 78 - 1190 Days Plan E,,,12.9064,2019-04-23
135845,INF109KB1OU0,-,ICICI Prudential Fixed Maturity Plan - Series 78 - 1212 Days Plan A,,,12.8912,2019-04-03
135848,INF109KB1OS4,-,ICICI Prudential Fixed Maturity Plan - Series 78 - 1212 Days Plan A,,,12.8028,2019-04-03
139113,INF109KB1TV7,-,ICICI Prudential Fixed Maturity Plan - Series 78 - 1281 Days Plan V,,,13.5167,2019-10-01
136221,INF109KB1VV3,-,ICICI Prudential Fixed Maturity Plan - Series 78 - 95 Days Plan K,,,10.4181,2016-08-18
136222,INF109KB1VU5,-,ICICI Prudential Fixed Maturity Plan - Series 78 - 95 Days Plan K,,,10.216,2016-05-16
139761,INF109KB1ZS0,-,ICICI Prudential Fixed Maturity Plan - Series 79 - 1104 Days Plan O,,,12.8474,2019-09-16
139841,INF109KB1B48,-,ICICI Prudential Fixed Maturity Plan - Series 79 - 1104 Days Plan P,,,12.3018,2019-09-16
139642,INF109KB1YO2,-,ICICI Prudential Fixed Maturity Plan - Series 79 - 1120 Days Plan J,,,12.4277,2019-08-27
139476,INF109KB1XK2,-,ICICI Prudential Fixed Maturity Plan - Series 79 - 1130 Days Plan E,,,12.5194,2019-08-01
139296,INF109KB1VA7,-,ICICI Prudential Fixed Maturity Plan - Series 79 - 1218 Days Plan A,,,13.1139,2019-09-04
140019,INF109KB1H42,-,ICICI Prudential Fixed Maturity Plan - Series 80 - 1100 Days Plan A,,,12.5893,2019-10-25
140776,INF109KB1T89,-,ICICI Prudential Fixed Maturity Plan - Series 80 - 1150 Days Plan N,,,12.7361,2020-05-08
140773,INF109KB1U03,-,ICICI Prudential Fixed Maturity Plan - Series 80 - 1150 Days Plan N,,,12.8746,2020-05-08
141163,INF109KB1Z65,-,ICICI Prudential Fixed Maturity Plan - Series 80 - 1225 Days Plan T,,,12.6245,2020-08-04
141164,INF109KB1Z99,-,ICICI Prudential Fixed Maturity Plan - Series 80 - 1225 Days Plan T,,,12.6647,2020-08-04
140929,INF109KB1V36,-,ICICI Prudential Fixed Maturity Plan - Series 80 - 1233 Days Plan O,,,12.6668,2020-07-29
140777,INF109KB1T06,-,ICICI Prudential Fixed Maturity Plan - Series 80 - 1245 Days Plan L,,,12.6462,2020-08-05
140663,INF109KB1R65,-,ICICI Prudential Fixed Maturity Plan - Series 80 - 1253 Days Plan J,,,12.6428,2020-07-29
141597,INF109KB12S6,-,ICICI Prudential Fixed Maturity Plan - Series 81 - 1100 Days Plan O,,,12.5117,2020-07-17
141856,INF109KB17X5,-,ICICI Prudential Fixed Maturity Plan - Series 81 - 1100 Days Plan W,,,12.4779,2020-10-15
141515,INF109KB19P7,-,ICICI Prudential Fixed Maturity Plan - Series 81 - 1150 Days Plan K,,,12.3154,2020-08-13
141356,INF109KB17G0,-,ICICI Prudential Fixed Maturity Plan - Series 81 - 1178 Days Plan H,,,12.4478,2020-08-12
141352,INF109KB18G8,-,ICICI Prudential Fixed Maturity Plan - Series 81 - 1185 Days Plan G,,,12.568,2020-08-10
142637,INF109KC1AF9,-,ICICI Prudential Fixed Maturity Plan - Series 82 - 103 Days Plan O,,,10.2062,2018-06-18
142634,INF109KC1AI3,-,ICICI Prudential Fixed Maturity Plan - Series 82 - 103 Days Plan O,,,10.212,2018-06-18
142977,INF109KC1BY8,-,ICICI Prudential Fixed Maturity Plan - Series 82 - 1135 Days Plan V,,,12.524,2021-05-04
142447,INF109KC1747,-,ICICI Prudential Fixed Maturity Plan - Series 82 - 1157 Days Plan J,,,12.6951,2021-04-30
142587,INF109KC1AA0,-,ICICI Prudential Fixed Maturity Plan - Series 82 - 1185 Days Plan N,,,12.5961,2021-06-04
142585,INF109KC1AB8,-,ICICI Prudential Fixed Maturity Plan - Series 82 - 1185 Days Plan N,,,12.5961,2021-06-04
142236,INF109KC1184,-,ICICI Prudential Fixed Maturity Plan - Series 82 - 1219 Days Plan D,,,12.6499,2021-05-14
142355,INF109KC1457,-,ICICI Prudential Fixed Maturity Plan - Series 82 - 1223 Days Plan G,,,12.6566,2021-05-31
142067,INF109KB12Z1,-,ICICI Prudential Fixed Maturity Plan - Series 82 - 1236 Days Plan A,,,12.6338,2021-04-26
144065,INF109KC1HJ6,-,ICICI Prudential Fixed Maturity Plan - Series 83 - 1100 Days Plan O,,,12.6641,2021-07-08
144696,INF109KC1JX3,-,ICICI Prudential Fixed Maturity Plan - Series 83 - 1101 Days Plan Z,,,12.619,2021-09-15
144080,INF109KC1HE7,-,ICICI Prudential Fixed Maturity Plan - Series 83 - 1735 Days Plan P,,,14.4884,2023-04-18
144946,INF109KC1KO0,-,ICICI Prudential Fixed Maturity Plan - Series 84 - 1103 Days Plan C,,,12.8258,2021-10-04
146110,INF109KC1SE4,-,ICICI Prudential Fixed Maturity Plan - Series 84 - 1188 Days Plan Z,,,12.7711,2022-04-18
145516,INF109KC1NV9,-,ICICI Prudential Fixed Maturity Plan - Series 84 - 1245 Days Plan N,,,13.0267,2022-04-12
145431,INF109KC1NL0,-,ICICI Prudential Fixed Maturity Plan - Series 84 - 1247 Days Plan M,,,12.9756,2022-04-05
145627,INF109KC1PM3,-,ICICI Prudential Fixed Maturity Plan - Series 84 - 1279 Days Plan P,,,13.0059,2022-05-30
145185,INF109KC1ML2,-,ICICI Prudential Fixed Maturity Plan - Series 84 - 1287 Days Plan I,,,13.3454,2022-05-02
145132,INF109KC1LS9,-,ICICI Prudential Fixed Maturity Plan - Series 84 - 168 Days Plan G,,,10.3545,2019-03-13
146807,INF109KC1VM1,-,ICICI Prudential Fixed Maturity Plan - Series 85 - 1143 Days Plan J,,,12.4678,2022-05-02
146664,INF109KC1US0,-,ICICI Prudential Fixed Maturity Plan - Series 85 - 1156 Days Plan G,,,12.6476,2022-05-05
146258,INF109KC1ST2,-,ICICI Prudential Fixed Maturity Plan - Series 85 - 1178 Days Plan B,,,12.8237,2022-04-21
151636,INF109KC12S4,-,ICICI Prudential Fixed Maturity Plan - Series 88 - Plan U,,,10.1584,2023-06-13
130178,INF109KB1IH9,-,ICICI Prudential Fixed Maturity Plan -Series 74 -370 Days Plan V,,,12.8285,2017-07-27
130180,INF109KB1IK3,-,ICICI Prudential Fixed Maturity Plan -Series 74 -370 Days Plan V,,,12.7902,2017-07-27
140545,INF109KB1O27,-,ICICI Prudential Fixed Maturity Plan Series 80 - 1187 Days Plan G,,,12.4204,2020-05-04
121878,INF109K012V8,-,ICICI Prudential Fixed Maturity Plan-Series 67-3 Year Plan F,,,12.559,2016-04-11
122275,INF109KB1FN3,-,ICICI Prudential Fixed Maturity Plan-Series 67-745 Days Plan K,,,11.2654,2016-05-18
123626,INF109KA1P51,-,ICICI Prudential Fixed Maturity Plan-Series 69-369 Days Plan J,,,12.7341,2017-10-17
123944,INF109KA1Q43,-,ICICI Prudential Fixed Maturity Plan-Series 69-372 Days Plan K,,,13.1396,2016-09-20
123259,INF109KB1JP0,-,ICICI Prudential Fixed Maturity Plan-Series 69-698 Days Plan B,,,13.9562,2017-09-25
124145,INF109KA1R18,-,ICICI Prudential Fixed Maturity Plan-Series 70-366 Days Plan B,,,11.8434,2016-09-20
124718,INF109KA1Y84,-,ICICI Prudential Fixed Maturity Plan-Series 70-367 Days Plan N,,,13.7133,2017-10-23
124082,INF109KA1S82,-,ICICI Prudential Fixed Maturity Plan-Series 70-369 Days Plan E,,,13.0463,2016-09-20
124222,INF109KA1DU4,-,ICICI Prudential Fixed Maturity Plan-Series 70-742 Days Plan D,,,11.6053,2016-11-02
123988,INF109KB1NJ5,-,ICICI Prudential Fixed Maturity Plan-Series 70-745 Days Plan A,,,13.1176,2016-11-02
124650,INF109KB1OK1,-,ICICI Prudential Fixed Maturity Plan-Series 70-745 Days Plan P,,,11.6579,2016-12-05
125439,INF109KA19K0,-,ICICI Prudential Fixed Maturity Plan-Series 71-369 Days Plan E,,,11.8951,2016-12-13
125686,INF109KB1EE5,-,ICICI Prudential Fixed Maturity Plan-Series 71-505 Days Plan H,,,13.3917,2017-07-17
127227,INF109KA1NP3,-,ICICI Prudential Fixed Maturity Plan-Series 72-1075 Days Plan Q,,,13.4207,2017-05-04
127233,INF109KA16W1,-,ICICI Prudential Fixed Maturity Plan-Series 72-367 Days Plan R,,,13.0787,2017-06-15
126332,INF109KA13S6,-,ICICI Prudential Fixed Maturity Plan-Series 72-368 Days Plan D,,,13.0397,2017-05-02
126169,INF109KB1HJ7,-,ICICI Prudential Fixed Maturity Plan-Series 72-525 Days Plan B,,,13.1572,2017-07-27
128357,INF109KB1516,-,ICICI Prudential Fixed Maturity Plan-Series 73-368 Days Plan M,,,12.7846,2017-04-05
128058,INF109KB1037,-,ICICI Prudential Fixed Maturity Plan-Series 73-369 Days Plan H,,,12.8782,2017-04-17
128653,INF109KB1649,-,ICICI Prudential Fixed Maturity Plan-Series 73-369 Days Plan P,,,12.7343,2017-04-18
129969,INF109KB1GK7,-,ICICI Prudential Fixed Maturity Plan-Series 74- 370 Days Plan Q,,,12.8002,2017-07-27
129799,INF109KA1VE0,-,ICICI Prudential Fixed Maturity Plan-Series 74-1092 Days Plan P,,,12.5101,2017-08-28
129410,INF109KB1DW9,-,ICICI Prudential Fixed Maturity Plan-Series 74-368 Days Plan H,,,12.9978,2017-07-17
129248,INF109KB1CX9,-,ICICI Prudential Fixed Maturity Plan-Series 74-369 Days Plan F,,,13.8231,2018-07-10
129472,INF109KB1FB8,-,ICICI Prudential Fixed Maturity Plan-Series 74-369 Days Plan I,,,12.9887,2017-07-24
129025,INF109KB1CM2,-,ICICI Prudential Fixed Maturity Plan-Series 74-370 Days Plan A,,,12.7039,2017-04-27
139996,INF109KB1G50,-,ICICI Prudential Multiple Yield Fund - Series 11 - Plan C - 1387 Days,,,12.2091,2020-08-03
122533,INF109KA1293,-,ICICI Prudential Multiple Yield Fund - Series 4 - 1825 Days - Plan A,,,14.5419,2018-06-04
122534,INF109KA1277,-,ICICI Prudential Multiple Yield Fund - Series 4 - 1825 Days - Plan A,,,14.062,2018-06-04
131352,INF109KA1T81,-,ICICI Prudential Multiple Yield Fund - Series 7 - 1100 Days - Plan F,,,12.2797,2017-10-12
131351,INF109KA1T99,-,ICICI Prudential Multiple Yield Fund - Series 7 - 1100 Days - Plan F,,,12.2797,2017-10-12
133112,INF109KA18J4,-,ICICI Prudential Multiple Yield Fund - Series 8 - 1822 Days - Plan D,,,13.5995,2019-12-12
130145,INF109KA1WY6,-,ICICI Prudential Multiple Yield Fund- Series 7 -1100 Days Plan A,,,12.6366,2017-06-28
135329,INF174K01U35,-,Kotak Capital Protection Oriented Scheme Series 1,,,10.00001671,2018-10-03
123188,-,-,Kotak FMP Series 106 (370 Days),,,10.00000021,2014-08-05
123194,INF174K01ZF9,-,Kotak FMP Series 107 (370 Days),,,13.826,2017-08-22
123791,INF174K01QE1,-,Kotak FMP Series 113 (1094 Days),,,13.12598706,2016-09-07
127128,INF174K01TY3,-,Kotak FMP Series 136 (376 Days),,,10.98559022,2015-02-23
127402,INF174K01Q23,-,Kotak FMP Series 141 (454 Days),,,12.745592,2017-02-27
128268,-,-,Kotak FMP Series 145 (390 Days),,,11.0309,2015-04-06
128759,-,-,Kotak FMP Series 149 (386 Days),,,10.95417912,2015-04-16
128908,-,-,Kotak FMP Series 154 (390 Days),,,11.10164585,2015-04-23
129542,INF174K01YA3,-,Kotak FMP Series 160 (1039 Days),,,12.88314796,2017-06-21
129768,INF174K01R55,-,Kotak FMP Series 162 (370 Days),,,12.80531107,2017-06-01
134178,INF174K01I31,-,Kotak FMP Series 172 (1126 Days),,,13.20244224,2018-04-26
139078,INF174K018E1,-,KOTAK FMP SERIES 191,,,12.69637755,2019-04-22
142242,INF174K016R7,-,Kotak FMP Series 214,,,12.60047267,2021-06-03
142406,INF174K013S2,-,Kotak FMP Series 216,,,12.80896244,2021-07-06
142767,INF174K013U8,-,Kotak FMP Series 219,,,12.5373055,2021-05-26
143030,INF174K010W0,-,Kotak FMP Series 223,,,12.6450827,2021-05-27
143181,INF174K017W5,-,Kotak FMP Series 225,,,12.36985067,2021-05-18
143478,INF174K010Y6,-,Kotak FMP Series 227,,,10.20907352,2018-08-27
144457,INF174KA1277,-,Kotak FMP Series 237,,,12.742445,2021-10-25
144849,INF174KA1558,-,Kotak FMP Series 243,,,13.30003773,2022-04-11
145084,INF174KA1665,-,Kotak FMP Series 246,,,12.7283301,2021-11-22
145715,INF174KA1AJ3,-,Kotak FMP Series 253,,,13.03361067,2022-05-19
145713,INF174KA1AG9,-,Kotak FMP Series 253,,,12.98900473,2022-05-19
145962,INF174KA1AV8,-,Kotak FMP Series 256,,,13.10760703,2022-06-03
145960,INF174KA1AT2,-,Kotak FMP Series 256,,,12.8850647,2022-06-03
146048,INF174KA1AW6,-,Kotak FMP Series 257,,,12.87555804,2022-06-30
146284,INF174KA1BO1,-,kotak FMP Series 259,,,12.97860854,2022-07-18
146833,INF174KA1CU6,-,Kotak FMP Series 265,,,12.63440111,2022-06-21
147021,INF174KA1DK5,-,Kotak FMP Series 267,,,12.59107946,2022-06-23
151287,INF174KA1LQ5,-,Kotak FMP Series 304,Direct Plan,Payout of IDCW,13.1415,2026-10-06
151316,INF174KA1LT9,-,Kotak FMP Series 305,,,12.53003594,2026-05-04
151677,INF174KA1NK4,-,Kotak FMP Series 309,,,10.17985924,2023-06-22
151675,INF174KA1NI8,-,Kotak FMP Series 309,,,10.17723046,2023-06-22
151683,INF174KA1NM0,-,Kotak FMP Series 310,,,12.29484805,2026-05-04
152173,INF174KA1PS2,-,Kotak FMP Series 323,,,10.1806597,2024-02-01
152223,INF174KA1QD2,-,Kotak FMP Series 324,,,10.22182181,2024-03-12
152340,INF174KA1QR2,-,Kotak FMP Series 327,,,10.21940737,2024-04-22
140055,INF204KB1EZ4,-,Nippon India Dual Advantage Fixed Tenure Fund X- Plan A,Direct Plan,IDCW Option,10,2020-08-13
140432,INF204KB1GK1,-,Nippon India Dual Advantage Fixed Tenure Fund X- Plan D,Direct Plan,IDCW Option,10,2020-08-17
140431,INF204KB1GL9,-,Nippon India Dual Advantage Fixed Tenure Fund X- Plan D,Direct Plan,Growth Option,12.3935,2020-08-17
140438,INF204KB1GP0,-,Nippon India Dual Advantage Fixed Tenure Fund X- Plan E,Direct Plan,Growth Option,12.4535,2020-01-28
147351,INF204KB13C7,-,Nippon India Fixed Horizon Fund - XLI - Series 10,Regular Plan,Growth Option,12.757,2022-06-30
147358,INF204KB10D1,-,Nippon India Fixed Horizon Fund - XLI - Series 11,Direct Plan,IDCW Option,12.4664,2022-08-02
126479,INF204KB1A14,-,Nippon India Fixed Horizon Fund - XXV - Series 15,,,10,2016-05-03
145610,INF204KB1N92,-,Nippon India Fixed Horizon Fund - XXXX - Series 1,,,13.063,2022-05-02
146170,INF204KB1V50,-,Nippon India Fixed Horizon Fund - XXXX - Series 14,,,10.7749,2019-09-20
146300,INF204KB1V84,-,Nippon India Fixed Horizon Fund - XXXX - Series 15,,,12.6745,2022-05-04
145613,INF204KB1O59,-,Nippon India Fixed Horizon Fund - XXXX - Series 2,,,13.1128,2022-04-29
145617,INF204KB1O91,-,Nippon India Fixed Horizon Fund - XXXX - Series 3,,,13.0293,2022-05-31
139653,INF204KB1BA3,-,Nippon India Fixed Horizon Fund XXXI- Series 8,,,10,2020-07-01
139651,INF204KB1AZ2,-,Nippon India Fixed Horizon Fund XXXI- Series 8,,,13.0202,2020-07-01
140600,INF204KB1HK9,-,Nippon India Fixed Horizon Fund XXXII- Series 10,,,10.5549,2020-04-27
140166,INF204KB1GB0,-,Nippon India Fixed Horizon Fund XXXII- Series 4,,,10,2020-10-19
140426,INF204KB1GI5,-,Nippon India Fixed Horizon Fund XXXII- Series 5,,,12.8698,2020-08-19
141186,INF204KB1KD8,-,Nippon India Fixed Horizon Fund XXXIII- Series 10,,,10,2020-07-15
140927,INF204KB1IW2,-,Nippon India Fixed Horizon Fund XXXIII- Series 5,,,12.0198,2020-10-16
141038,INF204KB1JL3,-,Nippon India Fixed Horizon Fund XXXIII- Series 7,,,10,2020-07-09
141660,INF204KB1QH6,-,Nippon India Fixed Horizon Fund XXXIV- Series 10,,,11.4009,2020-10-20
141392,INF204KB1NS0,-,Nippon India Fixed Horizon Fund XXXIV- Series 2,,,12.4953,2020-07-08
141458,INF204KB1NZ5,-,Nippon India Fixed Horizon Fund XXXIV- Series 4,,,10,2020-07-13
141552,INF204KB1PP1,-,Nippon India Fixed Horizon Fund XXXIV- Series 7,,,10,2020-07-08
141613,INF204KB1PT3,-,Nippon India Fixed Horizon Fund XXXIV- Series 8,,,10,2020-10-20
145405,INF204KB1N19,-,Nippon India Fixed Horizon Fund XXXIX - Series 14,,,13.0825,2022-04-29
144693,INF204KB1G59,-,Nippon India Fixed Horizon Fund XXXIX- Series 1,,,12.8562,2021-10-20
144900,INF204KB1I65,-,Nippon India Fixed Horizon Fund XXXIX- Series 4,,,13.4061,2022-04-29
145142,INF204KB1K95,-,Nippon India Fixed Horizon Fund XXXIX- Series 9,,,13.3334,2022-05-10
145141,INF204KB1K87,-,Nippon India Fixed Horizon Fund XXXIX- Series 9,,,13.3334,2022-05-10
142194,INF204KB1TV1,-,Nippon India Fixed Horizon Fund XXXV- Series 15,,,10,2021-05-10
142198,INF204KB1TY5,-,Nippon India Fixed Horizon Fund XXXV- Series 16,,,12.1795,2021-09-15
142195,INF204KB1TW9,-,Nippon India Fixed Horizon Fund XXXV- Series 16,,,12.0351,2021-09-15
141994,INF204KB1SJ8,-,Nippon India Fixed Horizon Fund XXXV- Series 9,,,10,2021-08-20
141993,INF204KB1SI0,-,Nippon India Fixed Horizon Fund XXXV- Series 9,,,11.7528,2021-08-20
142816,INF204KB1VK0,-,Nippon India Fixed Horizon Fund XXXVI- Series 8,,,13.3132,2021-11-01
142916,INF204KB1XN0,-,Nippon India Fixed Horizon Fund XXXVI- Series 9,,,10,2021-05-10
142913,INF204KB1XK6,-,Nippon India Fixed Horizon Fund XXXVI- Series 9,,,12.4655,2021-05-10
143082,INF204KB1WC5,-,Nippon India Fixed Horizon Fund XXXVII- Series 1,,,12.5822,2021-05-21
143451,INF204KB1XN0,-,Nippon India Fixed Horizon Fund XXXVII- Series 9,,,13.5859,2022-05-26
143452,INF204KB1XK6,-,Nippon India Fixed Horizon Fund XXXVII- Series 9,,,13.4372,2022-05-26
144480,INF204KB1E69,-,Nippon India Fixed Horizon Fund XXXVIII- Series 11,,,12.9195,2021-10-22
144530,INF204KB1F19,-,Nippon India Fixed Horizon Fund XXXVIII- Series 12,,,12.7114,2021-10-18
143950,INF204KB1B70,-,Nippon India Fixed Horizon Fund XXXVIII- Series 3,,,10,2021-07-14
143952,INF204KB1B54,-,Nippon India Fixed Horizon Fund XXXVIII- Series 3,,,10,2021-07-14
143951,INF204KB1B47,-,Nippon India Fixed Horizon Fund XXXVIII- Series 3,,,12.5665,2021-07-14
144082,INF204KB1C38,-,Nippon India Fixed Horizon Fund XXXVIII- Series 5,,,10,2021-08-10
144159,INF204KB1C87,-,Nippon India Fixed Horizon Fund XXXVIII- Series 6,,,12.7055,2021-08-17
147096,INF204KB16B2,-,Nippon India Fixed Maturity Plan - XLI - Series 8,Regular Plan,IDCW Option,17.3996,2026-10-06
147098,INF204KB17B0,-,Nippon India Fixed Maturity Plan - XLI - Series 8,Direct Plan,Growth Option,17.7902,2026-10-06
149129,INF204KC1170,-,Nippon India Fixed Maturity Plan - XLIII - Series 1,,,13.4075,2026-06-29
149916,INF204KC1469,-,Nippon India Fixed Maturity Plan - XLIII - Series 5,Regular Plan,IDCW Option,13.4678,2026-10-06
150630,INF204KC1626,-,Nippon India Fixed Maturity Plan - XLIV - Series 1,Regular Plan,IDCW Option,13.3469,2026-10-06
151708,INF204KC1BJ3,-,Nippon India Fixed Maturity Plan - XLV - Series 5,Direct Plan,Growth Option,13.4007,2026-10-06
121098,INF204K01M70,-,Reliance Dual Advantage Fixed Tenure Fund III - Plan A,,,12.901,2016-04-11
122509,INF204K01N61,-,Reliance Dual Advantage Fixed Tenure Fund III - Plan C,,,16.7537,2019-07-30
123451,INF204KA1701,-,Reliance Dual Advantage Fixed Tenure Fund IV - Plan B,,,13.5494,2016-09-12
124339,INF204KA1743,-,Reliance Dual Advantage Fixed Tenure Fund IV - Plan C,,,13.8573,2016-10-13
136246,INF204KA19W4,-,Reliance Dual Advantage Fixed Tenure Fund IX- Plan A,,,10,2019-07-15
139251,INF204KB1304,-,Reliance Dual Advantage Fixed Tenure Fund IX- Plan C,,,10,2019-07-15
139252,INF204KB1304,-,Reliance Dual Advantage Fixed Tenure Fund IX- Plan C,,,10,2019-07-15
127522,INF204KA1IW3,-,Reliance Dual Advantage Fixed Tenure Fund V - Plan C,,,10,2017-04-24
127525,INF204KA1IV5,-,Reliance Dual Advantage Fixed Tenure Fund V - Plan C,,,12.1172,2017-04-24
128176,INF204KA1KT5,-,Reliance Dual Advantage Fixed Tenure Fund V - Plan E,,,12.0101,2017-04-10
128689,INF204KA1LY3,-,Reliance Dual Advantage Fixed Tenure Fund V - Plan F,,,11.9359,2017-05-08
128987,INF204KA1NA9,-,Reliance Dual Advantage Fixed Tenure Fund V- Plan G,,,10,2017-05-08
130629,INF204KA1RQ6,-,Reliance Dual Advantage Fixed Tenure Fund VI- Plan A,,,12.3187,2017-08-07
130632,INF204KA1RP8,-,Reliance Dual Advantage Fixed Tenure Fund VI- Plan A,,,10,2017-08-07
133304,INF204KA1ZC9,-,Reliance Dual Advantage Fixed Tenure Fund VII - Plan B,,,10,2018-01-15
133987,INF204KA1G36,-,Reliance Dual Advantage Fixed Tenure Fund VII- Plan D,,,10,2018-04-03
133985,INF204KA1G51,-,Reliance Dual Advantage Fixed Tenure Fund VII- Plan D,,,10,2018-04-03
135435,INF204KA11O8,-,Reliance Dual Advantage Fixed Tenure Fund VIII- Plan C,,,12.1021,2018-07-02
135433,INF204KA13O4,-,Reliance Dual Advantage Fixed Tenure Fund VIII- Plan C,,,11.7556,2018-07-02
135432,INF204KA14O2,-,Reliance Dual Advantage Fixed Tenure Fund VIII- Plan C,,,11.7556,2018-07-02
146737,INF204KB1Z15,-,Reliance Fixed Horizon Fund - XLI - Series 2,,,10.1898,2019-06-18
117796,INF204K01VL1,-,Reliance Fixed Horizon Fund - XXII - Series 23,,,12.8692,2015-09-18
117967,INF204KA1XF7,-,Reliance Fixed Horizon Fund - XXII - Series 29,,,10,2015-11-10
118222,INF204K01WH7,-,Reliance Fixed Horizon Fund - XXII - Series 34,,,12.9275,2016-01-01
122617,INF204K019B9,-,Reliance Fixed Horizon Fund - XXIII - Series 12,,,10,2016-06-29
123455,INF204KA1016,-,Reliance Fixed Horizon Fund - XXIV - Series 10,,,10,2015-09-02
123740,INF204KA1UJ5,-,Reliance Fixed Horizon Fund - XXIV - Series 15,,,14.87,2018-07-02
124708,INF204KA11E9,-,Reliance Fixed Horizon Fund - XXIV - Series 22,,,10,2017-07-24
123051,INF204KA1SF7,-,Reliance Fixed Horizon Fund - XXIV - Series 3,,,14.7249,2018-06-25
123052,INF204KA1SD2,-,Reliance Fixed Horizon Fund - XXIV - Series 3,,,14.6467,2018-06-25
123213,INF204K017Y5,-,Reliance Fixed Horizon Fund - XXIV - Series 7,,,13.1103,2016-09-02
125256,INF204KA17H9,-,Reliance Fixed Horizon Fund - XXV - Series 1,,,10,2015-07-02
125933,INF204KA1GH8,-,Reliance Fixed Horizon Fund - XXV - Series 11,,,13.1141,2017-04-27
127068,INF204KA1IA9,-,Reliance Fixed Horizon Fund - XXV - Series 21,,,10,2015-04-20
127083,INF204KA1IB7,-,Reliance Fixed Horizon Fund - XXV - Series 22,,,13.0616,2017-04-25
127239,INF204KA1IF8,-,Reliance Fixed Horizon Fund - XXV - Series 23,,,13.4278,2017-08-07
127540,INF204KA1JD1,-,Reliance Fixed Horizon Fund - XXV - Series 27,,,14.1195,2018-06-11
125392,INF204KA1YP4,-,Reliance Fixed Horizon Fund - XXV - Series 4,,,10,2016-12-15
125527,INF204KA1FN8,-,Reliance Fixed Horizon Fund - XXV - Series 6,,,13.4506,2017-07-24
128084,INF204KA1KW9,-,Reliance Fixed Horizon Fund - XXVI - Series 2,,,10,2015-04-07
135636,INF204KA10R3,-,Reliance Fixed Horizon Fund XXIX- Series 14,,,12.2988,2018-07-02
135887,INF204KA12T5,-,Reliance Fixed Horizon Fund XXIX- Series 19,,,10,2019-04-09
135440,INF204KA19O1,-,Reliance Fixed Horizon Fund XXIX- Series 9,,,12.3487,2018-07-02
129149,INF204KA1NP7,-,Reliance Fixed Horizon Fund XXVI- Series 15,,,12.9118,2017-05-24
129148,INF204KA1NO0,-,Reliance Fixed Horizon Fund XXVI- Series 15,,,10,2017-05-24
130264,INF204KA1QX4,-,Reliance Fixed Horizon Fund XXVI- Series 32,,,12.8918,2017-07-24
130877,INF204KA1SS0,-,Reliance Fixed Horizon Fund XXVII- Series 3,,,10,2017-09-11
131218,INF204KA1TX8,-,Reliance Fixed Horizon Fund XXVII- Series 6,,,12.9689,2017-09-28
131348,INF204KA1UU2,-,Reliance Fixed Horizon Fund XXVII- Series 7,,,12.9698,2017-09-28
131346,INF204KA1US6,-,Reliance Fixed Horizon Fund XXVII- Series 7,,,12.9309,2017-09-28
131537,INF204KA1UU2,-,Reliance Fixed Horizon Fund XXVII- Series 8,,,12.9193,2017-10-23
131539,INF204KA1US6,-,Reliance Fixed Horizon Fund XXVII- Series 8,,,12.884,2017-10-23
134025,INF204KA1H27,-,Reliance Fixed Horizon Fund XXVIII- Series 10,,,10,2018-04-26
134591,INF204KA1V60,-,Reliance Fixed Horizon Fund XXVIII- Series 18,,,10,2018-06-13
133842,INF204KA1E95,-,Reliance Fixed Horizon Fund XXVIII- Series 7,,,12.8023,2018-03-05
136000,INF204KA11U5,-,Reliance Fixed Horizon Fund XXX - Series 1,,,12.8829,2019-04-09
138226,INF204KB1031,-,Reliance Fixed Horizon Fund XXX - Series 14,,,10,2019-06-06
136031,INF204KA15U6,-,Reliance Fixed Horizon Fund XXX - Series 2,,,12.8816,2019-04-09
136454,INF204KA14Z8,-,Reliance Fixed Horizon Fund XXX- Series 12,,,12.7241,2019-04-15
144774,INF204KB1H90,-,Reliance Fixed Horizon Fund XXXIX- Series 3,,,10,2019-03-14
143530,INF204KB1XV3,-,Reliance Fixed Horizon Fund XXXVII- Series 11,,,10,2019-03-28
144690,INF204KB1G83,-,Reliance Fixed Horizon Fund XXXVIII- Series 15,,,10.1998,2018-12-03
128964,INF204KA1NB7,-,Reliance Fixed Horizon Fund- XXVI- Series 12,,,12.7518,2017-04-25
129417,INF204KA1OE9,-,Reliance Fixed Horizon Fund- XXVI- Series 19,,,10,2015-05-11
146974,INF200KA1D03,-,SBI Fixed Maturity Plan (FMP) - Series 1 (3668 Days),Direct Plan,Growth,17.7624,2026-10-06
146975,INF200KA1D11,-,SBI Fixed Maturity Plan (FMP) - Series 1 (3668 Days),Direct Plan,IDCW,17.7806,2026-10-06
149044,INF200KA1X58,-,SBI Fixed Maturity Plan (FMP) - Series 46 (1850 Days),,,13.5756,2026-07-30
149345,INF200KA16B2,-,SBI Fixed Maturity Plan (FMP) - Series 55 (1849 Days),Direct Plan,Growth,13.4127,2026-10-06
149347,INF200KA14B7,-,SBI Fixed Maturity Plan (FMP) - Series 55 (1849 Days),Regular Plan,Growth,13.3365,2026-10-06
149430,INF200KA15C2,-,SBI Fixed Maturity Plan (FMP) - Series 57 (1835 Days),Direct Plan,IDCW,13.3264,2026-10-06
149432,INF200KA12C9,-,SBI Fixed Maturity Plan (FMP) - Series 57 (1835 Days),Regular Plan,Growth,13.2518,2026-10-06
147247,INF200KA1F01,-,SBI Fixed Maturity Plan (FMP) - Series 6 (3668 Days),Regular Plan,Growth,16.9689,2026-10-06
149995,INF200KA14F8,-,SBI Fixed Maturity Plan (FMP) - Series 61 (1927 Days),Direct Plan,IDCW,13.3805,2026-10-06
152498,-,INF277KA1AD2,Tata Fixed Maturity Plan Series 61 Scheme A (91 days),,,10.1918,2024-06-11
152493,INF277KA1992,-,Tata Fixed Maturity Plan Series 61 Scheme A (91 days),,,10.1872,2024-06-11
141244,INF789FC1TF3,-,UTI - Capital Protection Oriented Scheme - Series IX-I (1467 Days),,,12.8584,2021-05-04
140065,INF789FC1EZ3,-,UTI - Capital Protection Oriented Scheme - Series VIII-IV (1996 Days),,,10,2022-04-28
140068,INF789FC1FA3,-,UTI - Capital Protection Oriented Scheme - Series VIII-IV (1996 Days),,,14.8631,2022-04-28
143086,INF789FC18P6,-,UTI - Capital Protection Oriented Scheme - Series X-II (1134 Days),,,11.758,2021-05-25
140507,INF789FC1HX1,-,UTI - Dual Advantage Fixed Term Fund Series IV-II (1278 Days),,,12.2771,2020-07-28
140655,INF789FC1IL4,-,UTI - Dual Advantage Fixed Term Fund Series IV-IV (1997 Days),,,16.0915,2022-08-18
143360,INF789FC19S8,-,UTI - Fixed Term Income fund - Series XXIX - IV (1422 DAYS),,,13.4977,2022-04-05
143870,INF789FC11Y3,-,UTI - Fixed Term Income fund - Series XXIX - IX (1109 DAYS),,,10.9669,2021-07-15
143740,INF789FC14V3,-,UTI - Fixed Term Income fund - Series XXIX - VII (1135 DAYS),,,10,2021-07-15
143744,INF789FC16V8,-,UTI - Fixed Term Income fund - Series XXIX - VII (1135 DAYS),,,12.4432,2021-07-15
143800,INF789FC19W0,-,UTI - Fixed Term Income fund - Series XXIX - VIII (1127 DAYS),,,10,2021-07-15
144103,INF789F1A108,-,UTI - Fixed Term Income fund - Series XXIX - XIII (1122 DAYS),,,10,2021-08-12
144097,INF789F1A116,-,UTI - Fixed Term Income fund - Series XXIX - XIII (1122 DAYS),,,10,2021-08-12
144201,INF789F1A322,-,UTI - Fixed Term Income fund - Series XXIX - XIV (1131 DAYS),,,12.704,2021-08-10
144577,INF789F1A660,-,UTI - Fixed Term Income fund - Series XXX - I (1104 DAYS),,,10,2021-08-31
144571,INF789F1A702,-,UTI - Fixed Term Income fund - Series XXX - I (1104 DAYS),,,12.2092,2021-08-31
145152,INF789F1ABG2,-,UTI - Fixed Term Income Fund Series XXX-VI (1107 Days),,,10,2021-10-26
145423,INF789F1ADI4,-,UTI - Fixed Term Income Fund Series XXX-X (1267 Days),,,10,2022-04-19
145512,INF789F1ADQ7,-,UTI - Fixed Term Income Fund Series XXX-XI (1246 Days),,,13.1039,2022-04-26
145655,INF789F1AER3,-,UTI - Fixed Term Income Fund Series XXX-XIII (1224 Days),,,10,2022-04-19
145651,INF789F1AEM4,-,UTI - Fixed Term Income Fund Series XXX-XIII (1224 Days),,,10,2022-04-19
145848,INF789F1AFE8,-,UTI - Fixed Term Income Fund Series XXX-XV (1223 Days),,,12.8331,2022-04-19
145936,INF789F1AFR0,-,UTI - Fixed Term Income Fund Series XXXI-I (1209 Days),,,10,2022-04-19
145935,INF789F1AFP4,-,UTI - Fixed Term Income Fund Series XXXI-I (1209 Days),,,10,2022-04-19
146039,INF789F1AGG1,-,UTI - Fixed Term Income Fund Series XXXI-II (1222 Days),,,10,2022-05-24
146245,INF789F1AGS6,-,UTI - Fixed Term Income Fund Series XXXI-III (1174 Days),,,12.7787,2022-04-19
146475,INF789F1AHM7,-,UTI - Fixed Term Income Fund Series XXXI-V (1174 Days),,,13.0725,2022-05-10
146478,INF789F1AHH7,-,UTI - Fixed Term Income Fund Series XXXI-V (1174 Days),,,12.926,2022-05-10
147071,INF789F1AKF5,-,UTI - Fixed Term Income Fund Series XXXI-XII (1148 Days),,,12.7521,2022-06-07
147076,INF789F1AKA6,-,UTI - Fixed Term Income Fund Series XXXI-XII (1148 Days),,,12.6124,2022-06-07
147077,INF789F1AKC2,-,UTI - Fixed Term Income Fund Series XXXI-XII (1148 Days),,,10,2022-06-07
147174,INF789F1AKN9,-,UTI - Fixed Term Income Fund Series XXXI-XIII (1127 Days),,,10,2022-06-07
147169,INF789F1AKL3,-,UTI - Fixed Term Income Fund Series XXXI-XIII (1127 Days),,,10,2022-06-07
141168,INF789FC1NA7,-,UTI - FTIF - Series XXVI - Plan IX(1113 Days),,,10,2020-04-28
141196,INF789FC1NJ8,-,UTI - FTIF - Series XXVI - Plan X (1107 Days),,,10,2020-04-28
141195,INF789FC1NN0,-,UTI - FTIF - Series XXVI - Plan X (1107 Days),,,12.2428,2020-04-28
141198,INF789FC1NI0,-,UTI - FTIF - Series XXVI - Plan X (1107 Days),,,10,2020-04-28
141399,INF789FC1ZR5,-,UTI - FTIF - Series XXVI - Plan XIV (1105 Days),,,10,2020-06-02
141457,INF789FC1A61,-,UTI - FTIF - Series XXVI - Plan XV (1097 Days),,,10,2020-06-02
141479,INF789FC1L43,-,UTI - FTIF - Series XXVII - Plan I (1113 Days),,,10,2020-07-07
141484,INF789FC1L19,-,UTI - FTIF - Series XXVII - Plan I (1113 Days),,,10,2020-07-07
141537,INF789FC1M34,-,UTI - FTIF - Series XXVII - Plan II (1161 Days),,,10,2020-09-02
141627,INF789FC1N90,-,UTI - FTIF - Series XXVII - Plan IV (1113 Days),,,10,2020-08-11
141751,INF789FC1R05,-,UTI - FTIF - Series XXVII - Plan VI (1113 Days),,,11.1879,2020-09-15
141770,INF789FC1S20,-,UTI - FTIF - Series XXVII - Plan VII (1104 Days),,,10,2020-09-15
139393,INF789FC1AD8,-,UTI - FTIF Series XXIV - XIV (1831 Days),,,10,2021-06-07
140126,INF789FC1FQ9,-,UTI - FTIF Series XXV-Plan-X (1229 Days),,,10,2020-04-07
140371,INF789FC1GQ7,-,UTI - FTIF Series XXV-Plan-XI (1211 Days),,,10.0001,2020-04-07
140415,INF789FC1GT1,-,UTI - FTIF Series XXV-Plan-XII (1198 Days),,,10,2020-04-07
140473,INF789FC1HJ0,-,UTI - FTIF Series XXVI-Plan-I (1182 Days),,,10.0001,2020-04-07
140475,INF789FC1HP7,-,UTI - FTIF Series XXVI-Plan-I (1182 Days),,,12.357,2020-04-07
140523,INF789FC1IG4,-,UTI - FTIF Series XXVI-Plan-II (1176 Days),,,10,2020-04-21
140856,INF789FC1JQ1,-,UTI - FTIF Series XXVI-Plan-V (1160 Days),,,10,2020-05-12
141017,INF789FC1KJ4,-,UTI - FTIF Series XXVI-Plan-VII (1140 Days),,,10,2020-05-12
141011,INF789FC1KM8,-,UTI - FTIF Series XXVI-Plan-VII (1140 Days),,,10,2020-05-12
141822,INF789FC1U18,-,UTI - FTIF SERIES XXVII - PLAN VIII (1117 DAYS),,,10,2020-10-13
141903,INF789FC1W32,-,UTI - FTIF SERIES XXVII - PLAN X (1118 DAYS),,,10,2020-11-24
141948,INF789FC1X56,-,UTI - FTIF SERIES XXVIII - PLAN I (1230 DAYS),,,10,2021-04-06
141939,INF789FC1Y14,-,UTI - FTIF SERIES XXVIII - PLAN I (1230 DAYS),,,11.5113,2021-04-06
142032,INF789FC1Z21,-,UTI - FTIF SERIES XXVIII - PLAN II (1210 DAYS),,,10,2021-04-06
142101,INF789FC15A4,-,UTI - FTIF SERIES XXVIII - PLAN III (1203 DAYS),,,10.0001,2021-04-15
142526,INF789FC17H5,-,UTI - FTIF SERIES XXVIII - PLAN IX (1168 DAYS),,,10,2021-05-04
142220,INF789FC10D9,-,UTI - FTIF SERIES XXVIII - PLAN V (1190 DAYS),,,9.8237,2021-04-15
142324,INF789FC19E8,-,UTI - FTIF SERIES XXVIII - PLAN VII (1169 DAYS),,,9.8181,2021-04-15
142850,INF789FC11M8,-,UTI - FTIF SERIES XXVIII - PLAN XIII (1134 DAYS),,,10,2021-05-04
150835,INF789F1AWI4,-,UTI Fixed Term Income Fund - Series XXXV-I (1260Days),,,11.2574,2026-04-27
150831,INF789F1AWD5,-,UTI Fixed Term Income Fund - Series XXXV-I (1260Days),,,10.9662,2026-04-27
150828,INF789F1AWF0,-,UTI Fixed Term Income Fund - Series XXXV-I (1260Days),,,12.5708,2026-04-27
150965,INF789F1AWS3,-,UTI Fixed Term Income Fund - Series XXXV-II (1223 Days),,,11.0691,2026-04-15
121182,INF789F01WR6,-,UTI Quarterly Interval Fund - II,,,30.6249,2025-03-25
121722,INF789F01WU0,-,UTI Quarterly Interval Fund - III,,,31.2226,2025-03-25
106185,INF789F01FJ8,-,UTI Annual Interval Fund - I,Regular Plan,Institutional Growth,38.1027,2026-10-06
